ID,Age,Education,Marital_Status,Children,Family_size,Income,lifespan_months
5524,57,Postgraduate,Single,0,1,58138.0,25
2174,60,Postgraduate,Single,2,3,46344.0,7
4141,49,Postgraduate,Couple,0,2,71613.0,13
6182,30,Postgraduate,Couple,1,3,26646.0,7
5324,33,Postgraduate,Couple,1,3,58293.0,8
7446,47,Postgraduate,Couple,1,3,62513.0,13
965,43,Postgraduate,Single,1,2,55635.0,23
6177,29,Postgraduate,Couple,1,3,33454.0,17
4855,40,Postgraduate,Couple,1,3,30351.0,16
5899,64,Postgraduate,Couple,2,4,5648.0,6
387,38,Undergraduate,Couple,0,2,7500.0,23
2125,55,Postgraduate,Single,0,1,63033.0,10
8180,62,Postgraduate,Single,2,3,59354.0,10
2569,27,Postgraduate,Couple,0,2,17323.0,24
2114,68,Postgraduate,Single,0,1,82800.0,22
9736,34,Postgraduate,Couple,2,4,41850.0,21
4939,68,Postgraduate,Couple,0,2,37760.0,25
6565,65,Postgraduate,Couple,1,3,76995.0,18
2278,29,Undergraduate,Single,1,2,33812.0,23
9360,32,Postgraduate,Couple,0,2,37040.0,26
5376,35,Postgraduate,Couple,1,3,2447.0,21
1993,65,Postgraduate,Couple,1,3,58607.0,21
4047,60,Postgraduate,Couple,1,3,65324.0,8
1409,63,Postgraduate,Couple,1,3,40689.0,18
7892,45,Postgraduate,Single,0,1,18589.0,21
2404,38,Postgraduate,Couple,2,4,53359.0,16
9422,25,Postgraduate,Couple,1,3,38360.0,16
1966,49,Postgraduate,Couple,0,2,84618.0,10
6864,25,Postgraduate,Single,0,1,10979.0,4
3033,51,Postgraduate,Couple,0,2,38620.0,17
5710,44,Postgraduate,Couple,1,3,40548.0,24
7373,62,Postgraduate,Single,2,3,46610.0,23
8755,68,Postgraduate,Couple,0,2,68657.0,19
10738,63,Postgraduate,Single,2,3,49389.0,13
4339,44,Postgraduate,Couple,1,3,67353.0,9
10755,38,Undergraduate,Couple,1,3,23718.0,13
8595,41,Postgraduate,Single,1,2,42429.0,7
2968,71,Postgraduate,Single,0,1,48948.0,20
8601,34,Postgraduate,Couple,1,3,80011.0,17
503,29,Postgraduate,Couple,1,3,20559.0,19
8430,57,Postgraduate,Couple,1,3,21994.0,21
2139,39,Postgraduate,Couple,1,3,7500.0,12
1371,38,Postgraduate,Single,0,1,79941.0,3
9909,18,Undergraduate,Couple,0,2,7500.0,23
7286,46,Postgraduate,Couple,1,3,41728.0,16
6566,60,Postgraduate,Couple,2,4,72550.0,23
8614,57,Postgraduate,Single,1,2,65486.0,4
4114,50,Postgraduate,Couple,0,2,79143.0,26
1331,37,Postgraduate,Single,1,2,35790.0,21
2225,37,Postgraduate,Single,0,1,82582.0,3
9381,36,Postgraduate,Couple,2,4,66373.0,15
6260,59,Postgraduate,Couple,0,2,82384.0,22
10383,48,Postgraduate,Single,0,1,70287.0,18
7437,26,Postgraduate,Single,1,2,27938.0,5
8375,46,Postgraduate,Couple,1,3,55954.0,7
6853,32,Postgraduate,Single,0,1,75777.0,15
3076,39,Postgraduate,Couple,2,4,66653.0,25
1012,62,Postgraduate,Single,1,2,61823.0,19
6518,63,Postgraduate,Single,1,2,67680.0,16
4137,66,Postgraduate,Couple,0,2,70666.0,10
8082,43,Postgraduate,Couple,1,3,25721.0,16
1386,47,Postgraduate,Couple,2,4,32474.0,4
9369,35,Undergraduate,Single,1,2,88194.0,6
4477,56,Postgraduate,Couple,1,3,69096.0,12
1357,44,Postgraduate,Couple,3,5,74854.0,18
1402,60,Postgraduate,Couple,0,2,66991.0,25
6312,55,Postgraduate,Couple,1,3,65031.0,18
8132,39,Postgraduate,Couple,2,4,60631.0,18
1050,62,Postgraduate,Couple,0,2,28332.0,5
5846,37,Postgraduate,Single,1,2,40246.0,21
1859,42,Postgraduate,Couple,0,2,75251.0,25
7503,38,Postgraduate,Single,0,1,75825.0,24
10401,38,Undergraduate,Couple,0,2,26326.0,13
1618,49,Postgraduate,Couple,0,2,56046.0,21
3332,29,Postgraduate,Single,1,2,29760.0,25
2261,45,Postgraduate,Couple,1,3,26304.0,15
5346,41,Undergraduate,Couple,1,3,23559.0,15
4119,51,Postgraduate,Couple,0,2,38620.0,17
535,27,Postgraduate,Single,0,1,81361.0,7
5268,54,Postgraduate,Couple,2,4,29440.0,13
273,44,Postgraduate,Couple,2,4,36138.0,14
4452,57,Postgraduate,Single,1,2,50388.0,4
8504,41,Postgraduate,Couple,0,2,79593.0,4
771,47,Postgraduate,Couple,1,3,54178.0,8
11178,42,Postgraduate,Single,1,2,42394.0,6
2230,44,Postgraduate,Couple,1,3,23626.0,4
7516,31,Postgraduate,Couple,1,3,30096.0,4
7247,54,Postgraduate,Single,1,2,47916.0,22
11100,42,Postgraduate,Single,2,3,51813.0,18
4646,63,Undergraduate,Couple,0,2,78497.0,10
3037,31,Postgraduate,Couple,0,2,50150.0,15
1473,54,Undergraduate,Single,1,2,47823.0,14
1016,55,Postgraduate,Single,1,2,34554.0,6
4518,35,Postgraduate,Couple,1,3,85693.0,17
9370,69,Postgraduate,Couple,0,2,65846.0,16
8908,55,Postgraduate,Couple,0,2,87195.0,4
8373,35,Undergraduate,Couple,1,3,24594.0,9
7533,50,Postgraduate,Couple,2,4,49096.0,12
2683,45,Postgraduate,Couple,2,4,52413.0,20
3629,36,Postgraduate,Single,1,2,38557.0,21
10991,54,Postgraduate,Couple,0,2,89058.0,22
5077,35,Postgraduate,Couple,1,3,77298.0,11
7431,23,Postgraduate,Single,0,1,68126.0,23
3267,51,Postgraduate,Couple,1,3,57288.0,3
999,23,Postgraduate,Single,0,1,86037.0,21
9215,34,Postgraduate,Couple,1,3,43974.0,22
2286,52,Postgraduate,Single,2,3,50785.0,12
1592,44,Postgraduate,Couple,0,2,90765.0,8
367,36,Undergraduate,Couple,1,3,36550.0,19
5234,47,Undergraduate,Couple,2,4,30753.0,15
9862,45,Postgraduate,Couple,1,3,21918.0,10
9805,61,Postgraduate,Couple,1,3,56129.0,15
6205,47,Postgraduate,Single,1,2,32557.0,7
8442,29,Postgraduate,Couple,2,4,19510.0,13
7386,38,Postgraduate,Single,1,2,30992.0,17
7215,31,Postgraduate,Single,0,1,101970.0,19
1491,49,Undergraduate,Couple,0,2,71488.0,19
11071,30,Postgraduate,Single,0,1,79607.0,17
3381,61,Postgraduate,Couple,2,4,54348.0,3
11051,58,Postgraduate,Couple,2,4,77376.0,4
8026,62,Postgraduate,Couple,1,3,62998.0,12
433,56,Postgraduate,Single,2,3,61331.0,19
9597,45,Postgraduate,Couple,0,2,73448.0,7
5290,50,Postgraduate,Couple,2,4,41551.0,13
1685,47,Postgraduate,Couple,0,2,62981.0,18
5342,38,Undergraduate,Single,1,2,9548.0,26
9579,55,Postgraduate,Couple,3,5,33762.0,15
7660,41,Postgraduate,Single,2,3,35860.0,4
1461,49,Postgraduate,Single,2,3,36921.0,14
821,22,Postgraduate,Single,0,1,92859.0,23
11084,38,Postgraduate,Couple,1,3,65104.0,10
8690,52,Postgraduate,Couple,0,2,86111.0,17
2937,40,Postgraduate,Single,1,2,68352.0,13
9701,26,Postgraduate,Couple,1,3,41883.0,18
9949,38,Postgraduate,Couple,2,4,59809.0,23
10837,39,Postgraduate,Couple,1,3,23957.0,23
3120,33,Postgraduate,Couple,1,3,38547.0,13
5885,41,Undergraduate,Couple,3,5,35688.0,25
4050,48,Postgraduate,Couple,0,2,49605.0,3
3830,61,Postgraduate,Couple,2,4,59354.0,5
7987,45,Postgraduate,Couple,1,3,65747.0,7
7798,42,Undergraduate,Couple,1,3,46344.0,21
92,26,Postgraduate,Single,1,2,34176.0,4
7055,62,Postgraduate,Couple,1,3,61010.0,24
10240,65,Postgraduate,Couple,0,2,69372.0,19
3025,56,Postgraduate,Single,1,2,49967.0,15
9283,36,Postgraduate,Single,3,4,60199.0,12
9970,37,Postgraduate,Couple,1,3,55375.0,11
2730,59,Postgraduate,Single,0,1,80317.0,13
2795,56,Postgraduate,Single,3,4,30523.0,15
9260,69,Postgraduate,Couple,0,2,70356.0,23
8182,30,Postgraduate,Couple,1,3,23228.0,9
10095,39,Postgraduate,Single,0,1,74165.0,17
8475,41,Postgraduate,Couple,1,3,157243.0,7
4370,48,Postgraduate,Couple,3,5,43482.0,10
10573,61,Postgraduate,Single,0,1,62551.0,10
3712,55,Postgraduate,Single,0,1,52332.0,13
6637,26,Postgraduate,Single,0,1,66951.0,11
3152,57,Postgraduate,Couple,2,4,26091.0,7
5610,49,Postgraduate,Couple,2,4,33456.0,5
6460,32,Postgraduate,Couple,1,3,28718.0,14
1349,44,Postgraduate,Couple,2,4,50447.0,5
1880,55,Postgraduate,Couple,2,4,53537.0,8
641,47,Postgraduate,Single,1,2,52074.0,6
8717,39,Postgraduate,Couple,1,3,80427.0,25
10314,66,Postgraduate,Couple,0,2,83837.0,21
10854,44,Postgraduate,Couple,2,4,38853.0,4
10492,55,Postgraduate,Couple,3,5,38285.0,3
6935,63,Undergraduate,Couple,0,2,78497.0,10
7698,38,Postgraduate,Couple,1,3,51650.0,4
3559,26,Undergraduate,Couple,1,3,16248.0,4
10562,68,Postgraduate,Couple,0,2,66835.0,12
10796,30,Postgraduate,Couple,1,3,30477.0,8
2563,53,Undergraduate,Couple,0,2,28249.0,3
3518,31,Postgraduate,Couple,1,3,25271.0,22
5823,44,Postgraduate,Single,1,2,32303.0,7
3934,48,Postgraduate,Couple,1,3,61286.0,14
6982,38,Postgraduate,Couple,0,2,74068.0,18
6431,50,Postgraduate,Couple,2,4,45759.0,19
9733,36,Undergraduate,Couple,1,3,24882.0,25
5602,25,Postgraduate,Couple,0,2,66973.0,16
7829,114,Undergraduate,Single,1,2,36640.0,12
1324,26,Postgraduate,Couple,1,3,38872.0,16
326,41,Postgraduate,Couple,2,4,51148.0,19
7224,37,Postgraduate,Couple,2,4,31353.0,9
6999,34,Postgraduate,Couple,0,2,69661.0,4
9938,60,Postgraduate,Couple,0,2,80067.0,12
6422,60,Postgraduate,Couple,0,2,86718.0,20
3182,41,Postgraduate,Single,2,3,46854.0,6
7300,62,Postgraduate,Single,1,2,69142.0,3
10424,46,Postgraduate,Single,0,1,75922.0,9
8727,36,Postgraduate,Single,1,2,63693.0,11
2798,37,Postgraduate,Couple,0,2,102160.0,23
1030,49,Postgraduate,Single,2,3,40637.0,14
624,30,Postgraduate,Single,0,1,18890.0,23
5176,26,Postgraduate,Couple,1,3,29604.0,10
5552,51,Postgraduate,Single,2,3,48721.0,16
868,48,Postgraduate,Couple,1,3,44794.0,3
380,60,Postgraduate,Single,1,2,64497.0,25
2677,58,Postgraduate,Couple,1,3,46097.0,18
6521,60,Postgraduate,Couple,0,2,77972.0,6
6927,46,Postgraduate,Couple,2,4,44377.0,24
2877,40,Postgraduate,Couple,2,4,46014.0,20
0,29,Postgraduate,Couple,0,2,70951.0,17
1584,37,Postgraduate,Couple,1,3,41443.0,6
7264,36,Undergraduate,Single,3,4,52195.0,4
6274,66,Postgraduate,Couple,0,2,83790.0,10
1377,60,Postgraduate,Single,1,2,44551.0,13
454,34,Postgraduate,Couple,1,3,69508.0,22
1755,26,Undergraduate,Couple,1,3,45204.0,5
2075,45,Postgraduate,Couple,0,2,72460.0,10
4785,44,Postgraduate,Couple,2,4,77622.0,5
9076,34,Postgraduate,Couple,1,3,30732.0,21
7079,52,Postgraduate,Single,1,2,63887.0,25
4653,36,Postgraduate,Couple,1,3,42011.0,18
7375,38,Postgraduate,Couple,1,3,51369.0,23
709,62,Postgraduate,Single,1,2,51537.0,22
460,42,Postgraduate,Couple,0,2,79930.0,26
3726,28,Postgraduate,Couple,1,3,34320.0,7
6798,48,Postgraduate,Single,2,3,37070.0,18
5341,52,Undergraduate,Single,1,2,81975.0,21
1606,43,Postgraduate,Couple,1,3,38590.0,16
9617,63,Postgraduate,Single,0,1,15033.0,5
3233,49,Postgraduate,Couple,1,3,62745.0,18
89,39,Undergraduate,Couple,1,3,22212.0,9
2936,32,Postgraduate,Couple,1,3,23661.0,10
9449,56,Postgraduate,Single,1,2,79761.0,12
7297,41,Postgraduate,Single,1,2,7500.0,9
11004,121,Undergraduate,Single,1,2,60182.0,4
313,46,Postgraduate,Single,0,1,73455.0,11
9940,56,Postgraduate,Couple,1,3,64961.0,21
10735,43,Postgraduate,Single,1,2,22804.0,14
9529,24,Postgraduate,Couple,0,2,73687.0,10
6439,56,Postgraduate,Couple,1,3,61074.0,25
7411,50,Postgraduate,Couple,2,4,31686.0,4
2176,42,Postgraduate,Couple,1,3,80134.0,16
9265,61,Postgraduate,Couple,1,3,75027.0,21
8867,26,Postgraduate,Couple,0,2,67546.0,25
8932,45,Postgraduate,Couple,1,3,65176.0,23
10236,39,Postgraduate,Single,1,2,31160.0,12
6340,29,Postgraduate,Single,1,2,29938.0,11
10089,40,Postgraduate,Single,0,1,102692.0,18
2227,56,Undergraduate,Couple,0,2,26490.0,24
10992,47,Postgraduate,Couple,2,4,75702.0,25
5304,40,Postgraduate,Single,1,2,30899.0,24
309,53,Postgraduate,Couple,1,3,63342.0,23
3406,50,Postgraduate,Single,1,2,45989.0,23
2661,50,Postgraduate,Single,2,3,18701.0,16
3153,57,Postgraduate,Single,3,4,40737.0,10
10264,35,Postgraduate,Single,1,2,15287.0,24
1184,46,Postgraduate,Single,2,3,69674.0,16
4200,44,Postgraduate,Couple,1,3,44159.0,3
9396,36,Postgraduate,Couple,1,3,37717.0,22
2387,62,Postgraduate,Couple,2,4,43776.0,20
6690,48,Postgraduate,Couple,2,4,38179.0,18
1225,51,Postgraduate,Couple,0,2,80124.0,3
9703,44,Postgraduate,Couple,2,4,38097.0,23
291,44,Postgraduate,Couple,0,2,72940.0,15
4557,44,Postgraduate,Couple,1,3,22070.0,12
2379,61,Postgraduate,Single,0,1,69267.0,24
5726,31,Postgraduate,Single,1,2,31788.0,6
3066,39,Postgraduate,Couple,1,3,61905.0,8
6336,54,Postgraduate,Couple,2,4,29315.0,6
10967,51,Postgraduate,Single,2,3,33378.0,20
2304,51,Postgraduate,Couple,1,3,66313.0,12
3445,58,Postgraduate,Single,0,1,60714.0,20
7828,33,Postgraduate,Couple,0,2,77882.0,5
3762,28,Postgraduate,Single,0,1,69867.0,18
4391,46,Postgraduate,Single,1,2,63841.0,17
4669,33,Undergraduate,Couple,1,3,24480.0,20
10144,38,Postgraduate,Couple,1,3,51369.0,23
8652,68,Postgraduate,Couple,0,2,37760.0,25
1672,40,Postgraduate,Couple,1,3,65640.0,7
8962,39,Postgraduate,Couple,2,4,44319.0,5
9974,40,Postgraduate,Couple,1,3,30631.0,14
10983,62,Postgraduate,Couple,0,2,75278.0,20
8148,58,Postgraduate,Couple,2,4,50898.0,21
10102,48,Postgraduate,Single,0,1,79946.0,4
4697,65,Postgraduate,Single,0,1,35416.0,15
9262,30,Undergraduate,Couple,0,2,32414.0,15
7254,45,Postgraduate,Couple,1,3,38361.0,9
4543,34,Postgraduate,Couple,0,2,82497.0,23
4927,43,Postgraduate,Couple,2,4,16626.0,8
10451,49,Postgraduate,Couple,2,4,29672.0,19
2926,62,Postgraduate,Couple,1,3,55951.0,25
2874,26,Undergraduate,Single,1,2,35388.0,19
9738,28,Postgraduate,Couple,1,3,42386.0,20
7119,32,Postgraduate,Single,0,1,68627.0,21
3924,49,Postgraduate,Single,1,2,57912.0,6
5827,56,Postgraduate,Single,2,3,35246.0,5
5596,58,Undergraduate,Couple,1,3,58821.0,11
10812,36,Postgraduate,Couple,1,3,46377.0,7
1717,26,Postgraduate,Single,1,2,39747.0,5
9491,30,Postgraduate,Couple,1,3,23976.0,9
9274,53,Postgraduate,Couple,0,2,80950.0,18
6609,48,Postgraduate,Single,0,1,27038.0,24
6963,67,Postgraduate,Single,0,1,77457.0,7
4440,50,Postgraduate,Couple,1,3,64100.0,12
1379,22,Postgraduate,Couple,0,2,42670.0,17
10032,38,Postgraduate,Single,1,2,12571.0,8
2826,47,Postgraduate,Couple,3,5,22574.0,11
6320,38,Postgraduate,Single,0,1,70893.0,20
3050,48,Postgraduate,Couple,2,4,54198.0,9
231,58,Postgraduate,Couple,2,4,28839.0,6
2392,42,Postgraduate,Couple,2,4,40321.0,14
9478,29,Postgraduate,Single,1,2,66503.0,26
113,63,Postgraduate,Couple,2,4,30833.0,14
1802,43,Postgraduate,Couple,1,3,64795.0,20
520,40,Postgraduate,Couple,1,3,34421.0,15
8275,49,Postgraduate,Single,2,3,47025.0,7
9750,53,Postgraduate,Single,1,2,64325.0,20
2607,61,Postgraduate,Single,1,2,40464.0,21
7214,57,Postgraduate,Couple,0,2,62187.0,15
5835,38,Postgraduate,Single,1,2,14849.0,15
3896,30,Postgraduate,Couple,1,3,27255.0,11
10350,64,Postgraduate,Couple,3,5,54432.0,17
7786,28,Postgraduate,Single,1,2,29999.0,19
2861,31,Postgraduate,Single,1,2,24072.0,17
663,25,Postgraduate,Single,0,1,33996.0,12
10675,58,Postgraduate,Couple,1,3,66334.0,18
2521,43,Postgraduate,Couple,1,3,35178.0,21
9592,31,Postgraduate,Couple,1,3,22010.0,15
10151,54,Postgraduate,Single,2,3,62204.0,25
7381,46,Postgraduate,Single,0,1,75693.0,22
4099,42,Postgraduate,Couple,1,3,30675.0,23
9560,49,Postgraduate,Couple,0,2,83003.0,19
1150,115,Postgraduate,Couple,0,2,83532.0,12
10172,26,Postgraduate,Single,0,1,68655.0,26
11191,28,Postgraduate,Single,0,1,41411.0,10
9707,45,Postgraduate,Couple,1,3,55212.0,22
6245,64,Postgraduate,Couple,1,3,59292.0,15
8234,41,Undergraduate,Couple,1,3,27190.0,13
1411,62,Postgraduate,Single,0,1,82623.0,10
8553,49,Postgraduate,Couple,2,4,44300.0,15
1826,44,Postgraduate,Single,0,1,84835.0,3
8842,43,Postgraduate,Single,2,3,30372.0,21
11030,38,Postgraduate,Couple,1,3,33181.0,9
2579,57,Postgraduate,Couple,1,3,71113.0,9
175,28,Postgraduate,Couple,1,3,71952.0,21
9185,48,Postgraduate,Single,0,1,69759.0,11
11056,40,Postgraduate,Couple,0,2,72099.0,23
9365,38,Postgraduate,Single,1,2,60000.0,21
6201,36,Postgraduate,Single,2,3,38643.0,10
2061,59,Postgraduate,Couple,1,3,50737.0,17
6184,45,Postgraduate,Couple,0,2,68462.0,22
6142,71,Postgraduate,Couple,0,2,65073.0,13
4107,66,Postgraduate,Couple,2,4,46681.0,12
7274,57,Postgraduate,Couple,0,2,78618.0,24
9336,45,Postgraduate,Single,1,2,62187.0,6
2958,36,Postgraduate,Couple,2,4,28442.0,7
933,36,Postgraduate,Couple,1,3,37717.0,22
5837,47,Postgraduate,Couple,2,4,51479.0,21
10704,45,Postgraduate,Single,1,2,54803.0,25
5125,54,Postgraduate,Couple,0,2,79530.0,16
4432,38,Postgraduate,Single,1,2,31615.0,18
5955,52,Postgraduate,Couple,0,2,72025.0,22
2928,39,Postgraduate,Single,1,2,52614.0,22
5680,30,Undergraduate,Couple,1,3,35684.0,5
10313,39,Postgraduate,Couple,2,4,48178.0,23
2557,44,Postgraduate,Single,1,2,29548.0,13
1245,48,Postgraduate,Single,1,2,63810.0,23
1519,42,Postgraduate,Single,2,3,38578.0,15
10703,39,Postgraduate,Single,2,3,46098.0,25
1726,44,Postgraduate,Single,0,1,22585.0,18
4459,25,Postgraduate,Single,1,2,30279.0,21
1729,53,Postgraduate,Couple,1,3,66426.0,12
1517,45,Postgraduate,Single,1,2,30822.0,15
2098,45,Postgraduate,Couple,2,4,33581.0,21
9543,29,Postgraduate,Couple,1,3,19986.0,10
6878,60,Postgraduate,Single,0,1,27421.0,22
3310,41,Undergraduate,Couple,3,5,35688.0,25
2724,33,Postgraduate,Single,1,2,36143.0,6
948,43,Postgraduate,Single,1,2,10245.0,16
6720,46,Postgraduate,Couple,1,3,43795.0,11
6202,54,Postgraduate,Couple,1,3,63381.0,24
2066,65,Postgraduate,Couple,1,3,38823.0,25
9799,46,Postgraduate,Single,2,3,83664.0,17
8318,35,Postgraduate,Couple,0,2,90300.0,9
5642,35,Postgraduate,Couple,1,3,62499.0,9
2669,21,Postgraduate,Single,0,1,74293.0,5
455,68,Postgraduate,Couple,0,2,51012.0,17
7683,46,Postgraduate,Couple,1,3,70777.0,7
3428,23,Postgraduate,Couple,0,2,68682.0,12
7414,43,Postgraduate,Couple,2,4,43824.0,24
6354,30,Postgraduate,Couple,1,3,15345.0,25
798,27,Postgraduate,Single,1,2,23442.0,21
8213,34,Undergraduate,Couple,1,3,14515.0,23
2488,58,Undergraduate,Single,2,3,31395.0,18
9999,49,Postgraduate,Couple,0,2,75276.0,24
7617,40,Postgraduate,Single,2,3,42373.0,13
615,54,Postgraduate,Couple,0,2,30507.0,19
2552,59,Postgraduate,Single,3,4,55521.0,11
194,49,Postgraduate,Couple,2,4,48006.0,3
3645,42,Postgraduate,Single,1,2,27213.0,25
8890,43,Postgraduate,Single,2,3,65808.0,4
5049,40,Postgraduate,Couple,1,3,30351.0,16
9973,51,Postgraduate,Couple,2,4,50437.0,23
7301,32,Undergraduate,Single,1,2,23616.0,22
10882,38,Postgraduate,Couple,1,3,53858.0,23
7030,59,Postgraduate,Couple,1,3,66465.0,18
7422,27,Postgraduate,Single,1,2,46923.0,25
3523,52,Postgraduate,Couple,1,3,75072.0,20
7106,71,Postgraduate,Couple,0,2,75865.0,6
6504,39,Undergraduate,Couple,1,3,19789.0,10
5067,20,Postgraduate,Couple,0,2,80134.0,7
4216,33,Postgraduate,Single,0,1,91065.0,19
8581,43,Postgraduate,Couple,2,4,49505.0,19
5929,41,Postgraduate,Couple,1,3,37401.0,5
3129,31,Postgraduate,Couple,1,3,30096.0,4
6528,32,Postgraduate,Couple,1,3,18492.0,4
1361,40,Postgraduate,Couple,0,2,82584.0,16
6932,73,Postgraduate,Couple,0,2,93027.0,17
7284,61,Postgraduate,Couple,3,5,48686.0,10
1340,28,Postgraduate,Couple,0,2,92910.0,5
8746,25,Postgraduate,Couple,1,3,75433.0,6
5987,25,Undergraduate,Couple,1,3,10404.0,5
3767,46,Postgraduate,Couple,1,3,61314.0,17
3725,53,Postgraduate,Single,0,1,84865.0,17
4324,25,Postgraduate,Couple,1,3,42387.0,23
238,47,Undergraduate,Couple,2,4,67309.0,20
6694,50,Postgraduate,Couple,1,3,75236.0,10
498,44,Postgraduate,Single,1,2,30015.0,8
9347,58,Postgraduate,Couple,1,3,50943.0,15
9699,48,Postgraduate,Single,1,2,67272.0,9
10664,65,Postgraduate,Single,1,2,51529.0,13
5455,43,Postgraduate,Couple,1,3,32011.0,13
456,28,Undergraduate,Couple,1,3,7500.0,20
5012,25,Postgraduate,Couple,1,3,28691.0,15
7495,66,Postgraduate,Couple,1,3,56223.0,9
5029,68,Postgraduate,Couple,0,2,18100.0,14
10642,25,Postgraduate,Single,1,2,30279.0,21
2106,40,Undergraduate,Couple,0,2,20130.0,6
10364,55,Postgraduate,Single,0,1,23295.0,14
5954,42,Postgraduate,Single,1,2,42618.0,12
1137,50,Postgraduate,Single,0,1,81246.0,9
2541,38,Postgraduate,Couple,1,3,24027.0,16
1142,61,Postgraduate,Couple,1,3,55707.0,9
2276,59,Postgraduate,Single,1,2,57959.0,17
2807,45,Postgraduate,Couple,1,3,56796.0,19
6471,43,Postgraduate,Single,1,2,36230.0,11
6131,34,Undergraduate,Couple,2,4,70829.0,10
6233,38,Postgraduate,Couple,1,3,65991.0,25
4148,42,Postgraduate,Couple,3,5,38988.0,25
4947,48,Undergraduate,Single,0,1,89572.0,24
3225,30,Postgraduate,Couple,1,3,42207.0,18
7540,62,Postgraduate,Couple,1,3,50300.0,4
10648,32,Undergraduate,Couple,0,2,66664.0,24
1992,50,Postgraduate,Couple,1,3,60597.0,9
7851,65,Postgraduate,Single,0,1,70165.0,12
8594,56,Postgraduate,Single,1,2,50520.0,8
7059,51,Postgraduate,Couple,0,2,80124.0,3
2815,39,Postgraduate,Couple,1,3,33183.0,7
2416,45,Postgraduate,Single,0,1,66582.0,7
7999,59,Postgraduate,Couple,0,2,75261.0,17
9213,44,Postgraduate,Single,1,2,31880.0,23
9697,63,Postgraduate,Couple,2,4,53790.0,7
3916,43,Postgraduate,Couple,1,3,49269.0,26
2021,39,Postgraduate,Couple,1,3,61456.0,18
1581,34,Postgraduate,Couple,1,3,37406.0,11
564,33,Postgraduate,Couple,1,3,56937.0,26
6619,36,Postgraduate,Couple,2,4,38415.0,21
9081,26,Postgraduate,Single,1,2,20518.0,4
178,58,Postgraduate,Couple,1,3,62503.0,19
916,42,Postgraduate,Single,2,3,41644.0,4
5512,37,Postgraduate,Couple,1,3,55842.0,4
8970,42,Postgraduate,Couple,1,3,62010.0,23
10581,37,Postgraduate,Couple,1,3,41124.0,23
5300,41,Postgraduate,Couple,1,3,38961.0,9
5154,42,Postgraduate,Single,1,2,37760.0,13
8346,40,Postgraduate,Single,1,2,32233.0,25
1676,39,Postgraduate,Couple,1,3,43057.0,11
9286,54,Postgraduate,Couple,0,2,83151.0,24
2426,50,Postgraduate,Single,0,1,78825.0,25
5172,38,Postgraduate,Couple,1,3,65104.0,10
5562,40,Postgraduate,Couple,1,3,60093.0,15
3436,45,Postgraduate,Couple,1,3,14045.0,8
3921,62,Undergraduate,Single,0,1,28457.0,23
3403,56,Postgraduate,Couple,1,3,78952.0,24
22,38,Postgraduate,Single,1,2,46310.0,22
10965,59,Postgraduate,Couple,0,2,76005.0,19
9426,50,Postgraduate,Single,1,2,58308.0,21
6605,70,Postgraduate,Single,0,1,55614.0,10
3136,52,Postgraduate,Single,1,2,59432.0,17
8737,36,Postgraduate,Single,1,2,55563.0,6
11088,43,Postgraduate,Couple,1,3,78642.0,17
716,65,Postgraduate,Couple,1,3,67911.0,4
466,70,Postgraduate,Couple,0,2,65275.0,18
9135,64,Postgraduate,Couple,2,4,27203.0,26
10623,53,Postgraduate,Couple,1,3,48330.0,10
8151,24,Undergraduate,Couple,0,2,24279.0,21
5140,29,Postgraduate,Couple,1,3,64355.0,25
10160,58,Postgraduate,Couple,1,3,50943.0,15
4945,61,Postgraduate,Single,0,1,53653.0,23
10584,38,Postgraduate,Couple,1,3,65665.0,10
6071,25,Postgraduate,Single,0,1,81217.0,14
3386,22,Postgraduate,Couple,0,2,34935.0,15
8939,55,Postgraduate,Single,1,2,61250.0,21
9925,33,Postgraduate,Couple,1,3,39665.0,16
4320,35,Postgraduate,Single,1,2,60152.0,18
5389,50,Postgraduate,Couple,2,4,48920.0,11
6036,55,Postgraduate,Couple,0,2,89120.0,6
182,68,Postgraduate,Couple,1,3,44124.0,17
203,39,Postgraduate,Single,0,1,81169.0,17
11025,53,Postgraduate,Couple,2,4,36443.0,20
10203,24,Postgraduate,Single,1,2,26095.0,15
4607,55,Postgraduate,Couple,0,2,71367.0,13
3711,70,Postgraduate,Couple,0,2,80184.0,7
3696,49,Postgraduate,Single,2,3,30630.0,8
2532,27,Postgraduate,Single,0,1,73454.0,7
9214,23,Postgraduate,Couple,0,2,42691.0,13
4943,61,Postgraduate,Couple,0,2,70503.0,24
35,27,Postgraduate,Couple,1,3,25545.0,25
2258,28,Postgraduate,Couple,1,3,32880.0,22
4322,56,Postgraduate,Couple,0,2,77863.0,10
713,37,Postgraduate,Couple,0,2,50353.0,3
4702,50,Postgraduate,Single,0,1,61839.0,26
3281,54,Postgraduate,Couple,2,4,49154.0,11
702,39,Undergraduate,Single,1,2,47682.0,19
2004,45,Postgraduate,Single,1,2,72679.0,12
4769,37,Postgraduate,Couple,2,4,57954.0,3
4437,52,Postgraduate,Couple,2,4,65316.0,17
8724,32,Postgraduate,Single,1,2,28567.0,15
10741,63,Postgraduate,Couple,1,3,47352.0,18
1991,47,Postgraduate,Couple,1,3,44931.0,8
6931,47,Postgraduate,Single,0,1,76982.0,7
11096,62,Undergraduate,Couple,1,3,57247.0,14
304,33,Postgraduate,Single,1,2,22944.0,9
3665,37,Undergraduate,Couple,1,3,25315.0,11
10591,45,Postgraduate,Single,1,2,43638.0,26
5036,30,Postgraduate,Single,1,2,42710.0,22
5547,32,Postgraduate,Couple,0,2,84169.0,14
7822,38,Postgraduate,Couple,1,3,54058.0,16
8541,24,Undergraduate,Couple,1,3,24683.0,7
10955,50,Postgraduate,Single,0,1,85620.0,9
4368,34,Postgraduate,Couple,1,3,47850.0,10
9671,46,Postgraduate,Couple,2,4,19514.0,8
2256,41,Postgraduate,Couple,2,4,27159.0,6
4279,51,Undergraduate,Single,2,3,39548.0,6
5371,25,Postgraduate,Single,1,2,21474.0,5
9240,43,Postgraduate,Single,1,2,60504.0,7
9460,51,Postgraduate,Couple,0,2,22419.0,17
9504,65,Postgraduate,Couple,0,2,81698.0,11
8692,62,Postgraduate,Couple,2,4,43462.0,25
448,36,Postgraduate,Single,1,2,54880.0,19
8314,32,Postgraduate,Couple,0,2,79908.0,18
8420,44,Undergraduate,Couple,0,2,15315.0,14
3174,55,Postgraduate,Couple,1,3,87771.0,16
7685,36,Postgraduate,Couple,1,3,33039.0,13
3179,34,Postgraduate,Single,0,1,81741.0,15
9780,43,Postgraduate,Couple,1,3,71499.0,15
10681,44,Undergraduate,Couple,1,3,62466.0,8
10232,51,Postgraduate,Single,1,2,48799.0,11
4184,64,Postgraduate,Couple,1,3,52157.0,3
9120,52,Postgraduate,Single,1,2,66565.0,22
891,63,Postgraduate,Couple,2,4,29298.0,13
10381,35,Postgraduate,Single,1,2,47691.0,15
3525,44,Postgraduate,Couple,2,4,38200.0,22
6818,40,Postgraduate,Couple,1,3,44989.0,25
3526,46,Postgraduate,Couple,2,4,38443.0,8
8181,36,Undergraduate,Single,1,2,38593.0,12
1029,44,Postgraduate,Couple,1,3,64413.0,14
7369,33,Postgraduate,Couple,1,3,36959.0,12
2574,37,Postgraduate,Couple,1,3,61996.0,20
8159,46,Postgraduate,Couple,2,4,51287.0,6
1160,44,Postgraduate,Couple,2,4,13260.0,13
10242,48,Postgraduate,Couple,2,4,47472.0,12
5253,58,Postgraduate,Couple,2,4,54603.0,15
5966,40,Postgraduate,Couple,2,4,45207.0,23
5314,63,Postgraduate,Couple,1,3,40689.0,18
5081,47,Undergraduate,Couple,2,4,47821.0,11
5123,63,Postgraduate,Couple,0,2,27450.0,17
5756,31,Postgraduate,Couple,1,3,39453.0,6
8036,43,Undergraduate,Couple,2,4,26850.0,5
9058,59,Postgraduate,Single,0,1,79800.0,24
5057,53,Postgraduate,Couple,1,3,61794.0,12
254,59,Postgraduate,Couple,1,3,53863.0,4
4179,55,Postgraduate,Couple,0,2,24221.0,13
3710,30,Postgraduate,Single,1,2,39684.0,24
7627,39,Postgraduate,Couple,0,2,92163.0,22
4501,49,Postgraduate,Single,0,1,69882.0,10
6424,37,Postgraduate,Couple,1,3,33178.0,8
3075,42,Postgraduate,Couple,0,2,59973.0,12
4992,39,Postgraduate,Couple,1,3,17459.0,12
5252,45,Postgraduate,Single,1,2,23910.0,23
7444,45,Postgraduate,Couple,2,4,42169.0,11
6919,36,Undergraduate,Couple,1,3,26224.0,16
3537,33,Postgraduate,Couple,1,3,31089.0,25
10277,53,Postgraduate,Single,1,2,30081.0,19
2453,54,Postgraduate,Couple,1,3,62807.0,25
7972,59,Postgraduate,Single,0,1,72906.0,12
895,66,Postgraduate,Couple,2,4,61467.0,22
1177,48,Postgraduate,Couple,2,4,49618.0,20
7141,28,Postgraduate,Single,1,2,21888.0,21
7232,41,Postgraduate,Single,1,2,42429.0,7
8477,58,Postgraduate,Single,3,4,26150.0,19
2457,39,Undergraduate,Couple,1,3,30801.0,23
988,49,Postgraduate,Couple,0,2,81168.0,5
7930,45,Postgraduate,Single,0,1,26877.0,13
4587,70,Postgraduate,Single,0,1,45006.0,14
6682,41,Undergraduate,Couple,1,3,18978.0,22
6222,47,Postgraduate,Couple,3,5,22574.0,11
10299,45,Postgraduate,Single,0,1,48240.0,23
3083,40,Postgraduate,Couple,2,4,45837.0,14
8953,49,Postgraduate,Single,3,4,35791.0,17
1503,38,Postgraduate,Couple,2,4,162397.0,16
8650,36,Postgraduate,Single,2,3,54162.0,18
10862,54,Postgraduate,Couple,1,3,30522.0,25
2782,53,Postgraduate,Couple,1,3,54456.0,15
6941,43,Postgraduate,Single,0,1,31632.0,14
10972,65,Postgraduate,Single,0,1,72298.0,6
10708,36,Undergraduate,Single,1,2,36975.0,9
6583,59,Undergraduate,Couple,0,2,72635.0,16
3641,38,Postgraduate,Couple,1,3,13624.0,20
10156,39,Postgraduate,Single,1,2,84196.0,16
4299,54,Postgraduate,Couple,1,3,70971.0,24
3469,37,Postgraduate,Single,2,3,34487.0,25
5063,37,Postgraduate,Single,1,2,28769.0,21
10727,44,Postgraduate,Couple,1,3,69084.0,10
9624,56,Postgraduate,Couple,0,2,65488.0,3
5156,44,Undergraduate,Couple,1,3,62466.0,8
4376,54,Undergraduate,Single,0,1,32218.0,7
8923,41,Postgraduate,Single,0,1,83917.0,17
8461,52,Postgraduate,Single,3,4,46102.0,6
6945,62,Postgraduate,Single,0,1,84574.0,16
944,52,Postgraduate,Couple,1,3,56181.0,21
1907,64,Postgraduate,Single,1,2,63120.0,24
701,43,Postgraduate,Couple,1,3,73691.0,11
3856,54,Postgraduate,Couple,1,3,63381.0,24
4149,66,Postgraduate,Couple,0,2,76140.0,4
2131,55,Postgraduate,Single,1,2,62859.0,21
2942,50,Postgraduate,Single,1,2,45906.0,17
1173,67,Postgraduate,Couple,0,2,77632.0,19
4381,43,Postgraduate,Couple,2,4,46463.0,13
4611,44,Postgraduate,Couple,0,2,105471.0,20
3376,44,Postgraduate,Single,1,2,55282.0,9
4679,37,Postgraduate,Couple,1,3,78710.0,4
10928,56,Postgraduate,Couple,1,3,66886.0,12
4248,54,Postgraduate,Single,0,1,98777.0,7
6728,29,Postgraduate,Couple,1,3,29103.0,25
6661,40,Postgraduate,Couple,1,3,67445.0,26
4725,64,Postgraduate,Couple,1,3,50616.0,5
3277,59,Postgraduate,Single,1,2,49431.0,26
5555,39,Postgraduate,Single,0,1,153924.0,7
2564,61,Postgraduate,Couple,1,3,61278.0,9
946,56,Undergraduate,Couple,0,2,26490.0,24
3867,67,Postgraduate,Couple,1,3,73059.0,13
6940,48,Postgraduate,Single,3,4,46734.0,11
55,51,Postgraduate,Couple,1,3,56253.0,22
7093,29,Postgraduate,Couple,1,3,19986.0,10
5084,39,Postgraduate,Single,1,2,58330.0,9
1777,34,Undergraduate,Couple,0,2,25965.0,25
8162,58,Postgraduate,Couple,0,2,14661.0,21
10826,55,Postgraduate,Couple,0,2,18690.0,21
8754,40,Postgraduate,Couple,1,3,45068.0,16
1987,27,Undergraduate,Single,1,2,21063.0,12
11007,46,Postgraduate,Couple,1,3,29187.0,17
7426,43,Undergraduate,Couple,2,4,54690.0,11
9153,50,Postgraduate,Couple,1,3,59304.0,14
10379,52,Postgraduate,Single,2,3,59247.0,11
9204,44,Postgraduate,Single,1,2,66731.0,25
3197,34,Postgraduate,Couple,1,3,77353.0,9
2920,39,Postgraduate,Single,1,2,52614.0,22
6961,40,Postgraduate,Couple,2,4,26751.0,4
4673,51,Postgraduate,Couple,1,3,81300.0,23
9937,35,Postgraduate,Single,0,1,70337.0,9
8779,29,Undergraduate,Couple,1,3,36145.0,15
9596,34,Postgraduate,Single,0,1,65295.0,9
2891,51,Postgraduate,Single,1,2,68118.0,11
4910,47,Postgraduate,Single,0,1,68743.0,25
75,32,Undergraduate,Couple,0,2,41039.0,14
10120,59,Postgraduate,Couple,1,3,38946.0,11
6327,47,Postgraduate,Couple,0,2,65777.0,9
10142,38,Postgraduate,Single,1,2,66476.0,19
9826,42,Postgraduate,Single,0,1,86857.0,25
1501,32,Postgraduate,Couple,0,2,160803.0,26
10767,25,Postgraduate,Couple,0,2,77845.0,4
7279,45,Postgraduate,Couple,0,2,69476.0,12
7230,54,Postgraduate,Single,1,2,50611.0,24
143,44,Postgraduate,Single,0,1,61209.0,13
450,56,Postgraduate,Couple,1,3,42315.0,14
9316,62,Undergraduate,Couple,0,2,13084.0,11
6379,65,Postgraduate,Single,2,3,47570.0,16
9239,53,Postgraduate,Couple,2,4,61923.0,14
8315,19,Postgraduate,Single,0,1,34824.0,6
2868,65,Postgraduate,Single,2,3,26518.0,18
10888,53,Postgraduate,Single,0,1,45938.0,11
1277,54,Postgraduate,Couple,0,2,78468.0,5
9977,41,Postgraduate,Single,1,2,78901.0,12
10196,36,Postgraduate,Couple,2,4,71427.0,6
6384,36,Postgraduate,Single,1,2,71022.0,7
8029,26,Postgraduate,Single,0,1,90247.0,5
968,46,Postgraduate,Single,1,2,41335.0,9
6988,28,Postgraduate,Couple,1,3,71952.0,21
4472,44,Postgraduate,Single,1,2,35682.0,3
6991,63,Postgraduate,Single,1,2,43185.0,18
3336,66,Postgraduate,Couple,1,3,66375.0,10
4301,43,Postgraduate,Couple,1,3,35178.0,21
1940,28,Postgraduate,Couple,1,3,25252.0,14
1272,49,Postgraduate,Single,1,2,55250.0,23
1388,39,Postgraduate,Single,1,2,33249.0,19
1044,61,Postgraduate,Couple,0,2,58398.0,16
6969,32,Postgraduate,Couple,1,3,50272.0,14
10479,39,Postgraduate,Couple,0,2,76618.0,22
3619,54,Undergraduate,Single,0,1,87305.0,24
1715,36,Postgraduate,Couple,1,3,25851.0,20
10159,44,Postgraduate,Single,1,2,58710.0,18
1463,56,Postgraduate,Single,2,3,45160.0,6
5114,49,Postgraduate,Couple,1,3,74806.0,21
4990,60,Postgraduate,Couple,0,2,59111.0,17
4329,30,Postgraduate,Couple,1,3,18988.0,4
10936,49,Postgraduate,Couple,0,2,72190.0,19
4692,38,Postgraduate,Couple,1,3,7500.0,26
7212,48,Postgraduate,Couple,1,3,44794.0,3
6086,59,Postgraduate,Couple,0,2,80395.0,10
437,38,Postgraduate,Single,0,1,75012.0,8
11171,49,Postgraduate,Couple,3,5,56962.0,11
11101,23,Postgraduate,Couple,0,2,89891.0,17
5329,65,Postgraduate,Single,2,3,35946.0,12
610,61,Postgraduate,Couple,2,4,53593.0,26
9384,36,Postgraduate,Couple,2,4,66373.0,15
5956,66,Postgraduate,Single,3,4,45072.0,11
10430,41,Postgraduate,Single,2,3,89694.0,12
7875,65,Postgraduate,Couple,0,2,72025.0,5
7072,41,Postgraduate,Couple,1,3,67432.0,18
6255,62,Postgraduate,Couple,1,3,70545.0,4
6516,25,Undergraduate,Couple,1,3,17487.0,18
5564,45,Postgraduate,Couple,1,3,62882.0,26
5682,61,Postgraduate,Single,1,2,64108.0,18
7458,58,Postgraduate,Couple,2,4,34941.0,19
5237,64,Postgraduate,Single,3,4,48767.0,9
7761,36,Undergraduate,Couple,1,3,38702.0,14
5278,50,Postgraduate,Couple,0,2,82224.0,8
3560,62,Postgraduate,Couple,0,2,83844.0,17
7235,39,Undergraduate,Couple,1,3,17003.0,9
10548,19,Postgraduate,Single,0,1,71163.0,6
2281,44,Postgraduate,Single,1,2,33697.0,12
4073,60,Undergraduate,Couple,0,2,63564.0,8
6974,42,Postgraduate,Couple,0,2,83443.0,9
7938,56,Postgraduate,Couple,1,3,51518.0,12
7094,39,Postgraduate,Single,1,2,58330.0,9
3667,45,Postgraduate,Couple,0,2,80952.0,19
7723,35,Postgraduate,Couple,0,2,75507.0,5
3870,36,Undergraduate,Couple,0,2,63855.0,20
4012,42,Postgraduate,Couple,1,3,62220.0,26
5909,50,Postgraduate,Couple,1,3,58512.0,12
10470,35,Postgraduate,Couple,1,3,40662.0,18
6488,55,Postgraduate,Couple,1,3,38829.0,6
10270,33,Undergraduate,Couple,1,3,35523.0,12
6887,47,Postgraduate,Single,2,3,79146.0,5
6406,26,Postgraduate,Couple,0,2,78285.0,11
7573,36,Postgraduate,Single,1,2,31626.0,17
4508,62,Postgraduate,Single,0,1,75127.0,4
221,59,Postgraduate,Couple,1,3,48726.0,17
5331,37,Postgraduate,Couple,0,2,74985.0,25
1911,27,Postgraduate,Couple,0,2,67430.0,25
20,49,Undergraduate,Couple,1,3,46891.0,13
8786,58,Postgraduate,Couple,1,3,62058.0,16
10582,35,Postgraduate,Couple,1,3,72063.0,15
1915,63,Postgraduate,Couple,0,2,78939.0,9
8897,49,Postgraduate,Single,2,3,42720.0,17
2371,42,Postgraduate,Couple,2,4,33622.0,17
4303,57,Postgraduate,Couple,1,3,6835.0,22
6825,61,Postgraduate,Couple,2,4,41452.0,19
1072,49,Postgraduate,Single,1,2,40760.0,13
4964,56,Postgraduate,Couple,0,2,74250.0,8
2461,59,Postgraduate,Single,2,3,51124.0,9
10736,43,Postgraduate,Single,1,2,72258.0,12
3194,40,Postgraduate,Single,0,1,71466.0,6
10839,38,Postgraduate,Couple,2,4,36283.0,5
49,44,Postgraduate,Single,1,2,20587.0,4
4290,42,Postgraduate,Couple,1,3,30467.0,6
10219,42,Postgraduate,Couple,1,3,31590.0,15
4211,28,Undergraduate,Couple,1,3,20425.0,23
1135,54,Postgraduate,Couple,2,4,17144.0,7
6299,46,Postgraduate,Single,1,2,42564.0,21
10846,36,Postgraduate,Couple,1,3,43783.0,4
347,38,Postgraduate,Single,1,2,40780.0,25
6543,69,Postgraduate,Couple,0,2,62847.0,20
10446,57,Postgraduate,Couple,0,2,82017.0,23
3479,64,Postgraduate,Single,0,1,16813.0,14
11075,36,Postgraduate,Couple,2,4,51267.0,11
4442,53,Postgraduate,Single,1,2,46524.0,18
199,52,Postgraduate,Single,0,1,45183.0,20
6722,60,Postgraduate,Couple,1,3,70421.0,3
796,49,Undergraduate,Single,1,2,60161.0,23
3749,41,Postgraduate,Couple,0,2,73926.0,19
8523,46,Postgraduate,Couple,1,3,19329.0,9
310,44,Postgraduate,Couple,1,3,61872.0,9
8629,58,Postgraduate,Single,2,3,46984.0,18
236,63,Postgraduate,Couple,2,4,34838.0,20
9930,70,Postgraduate,Single,0,1,82716.0,11
3483,56,Postgraduate,Couple,0,2,48192.0,18
4599,38,Postgraduate,Couple,2,4,49681.0,11
7326,43,Postgraduate,Couple,1,3,56850.0,6
7352,57,Postgraduate,Couple,1,3,55267.0,11
2350,42,Postgraduate,Couple,2,4,59666.0,18
9145,42,Postgraduate,Single,1,2,72504.0,18
2964,33,Postgraduate,Couple,0,2,26872.0,11
5585,42,Postgraduate,Single,1,2,21359.0,17
9687,39,Postgraduate,Single,0,1,73170.0,4
3732,59,Postgraduate,Couple,1,3,52750.0,20
6303,28,Postgraduate,Couple,0,2,91820.0,10
11176,44,Postgraduate,Couple,1,3,65968.0,4
2986,38,Postgraduate,Couple,2,4,30772.0,6
7462,60,Postgraduate,Single,0,1,22507.0,22
3900,42,Postgraduate,Couple,1,3,65685.0,6
7034,36,Undergraduate,Couple,1,3,25804.0,13
9493,34,Postgraduate,Single,0,1,76412.0,17
1143,42,Postgraduate,Couple,1,3,22063.0,14
1,53,Postgraduate,Single,0,1,57091.0,3
3855,51,Postgraduate,Couple,0,2,22419.0,17
5536,55,Postgraduate,Couple,1,3,87771.0,16
5989,55,Undergraduate,Single,1,2,78353.0,17
9499,60,Postgraduate,Couple,3,5,93404.0,17
6768,52,Postgraduate,Single,3,4,37859.0,21
2150,56,Postgraduate,Single,1,2,80995.0,17
6646,30,Postgraduate,Couple,1,3,16529.0,7
4887,38,Postgraduate,Single,2,3,55412.0,10
8560,22,Postgraduate,Single,0,1,48789.0,25
3321,47,Postgraduate,Couple,2,4,56575.0,17
11003,34,Undergraduate,Couple,1,3,25130.0,12
10402,47,Postgraduate,Couple,2,4,35441.0,19
9904,58,Postgraduate,Couple,1,3,71391.0,18
6141,42,Postgraduate,Single,1,2,49494.0,17
5687,34,Postgraduate,Single,0,1,81702.0,24
10856,34,Undergraduate,Single,1,2,45889.0,15
5121,37,Postgraduate,Single,1,2,56628.0,6
4186,64,Postgraduate,Couple,2,4,34026.0,14
368,40,Postgraduate,Couple,1,3,40049.0,22
3312,26,Postgraduate,Single,1,2,34176.0,4
11121,33,Postgraduate,Couple,1,3,19419.0,23
5332,54,Undergraduate,Couple,0,2,82504.0,14
5848,44,Postgraduate,Couple,0,2,81205.0,8
10343,23,Undergraduate,Single,0,1,61618.0,24
5935,58,Postgraduate,Single,1,2,55284.0,21
2895,51,Postgraduate,Single,1,2,49980.0,11
10262,34,Postgraduate,Couple,2,4,15072.0,17
7848,40,Postgraduate,Single,1,2,49166.0,15
9477,60,Postgraduate,Couple,1,3,65324.0,8
4856,57,Undergraduate,Couple,0,2,82347.0,23
7186,48,Postgraduate,Couple,2,4,30843.0,4
5794,40,Postgraduate,Couple,1,3,46374.0,6
1456,35,Postgraduate,Single,1,2,60474.0,18
4877,41,Postgraduate,Couple,1,3,38576.0,7
425,29,Postgraduate,Couple,2,4,55357.0,19
3007,48,Postgraduate,Couple,2,4,37758.0,24
1031,25,Undergraduate,Couple,0,2,85710.0,17
4297,45,Postgraduate,Couple,1,3,23228.0,8
807,45,Postgraduate,Couple,2,4,44602.0,7
9553,27,Postgraduate,Couple,0,2,7500.0,21
4271,25,Undergraduate,Couple,1,3,38683.0,24
4120,39,Undergraduate,Single,1,2,49514.0,9
2036,41,Postgraduate,Couple,1,3,57906.0,16
115,48,Postgraduate,Single,1,2,43456.0,18
4259,28,Postgraduate,Single,2,3,19485.0,12
8687,36,Postgraduate,Couple,1,3,53172.0,17
2447,35,Postgraduate,Couple,1,3,30545.0,23
10140,31,Postgraduate,Couple,0,2,70123.0,12
9353,55,Postgraduate,Single,1,2,62450.0,9
3623,38,Postgraduate,Couple,1,3,21675.0,3
738,33,Undergraduate,Single,2,3,42395.0,6
7631,36,Postgraduate,Couple,1,3,61346.0,12
4789,61,Postgraduate,Couple,0,2,80812.0,12
773,43,Postgraduate,Single,2,3,42835.0,15
10602,31,Postgraduate,Couple,1,3,39922.0,19
1446,58,Postgraduate,Single,0,1,86424.0,6
3270,36,Undergraduate,Couple,1,3,17117.0,20
8443,42,Postgraduate,Single,1,2,24762.0,7
9653,39,Postgraduate,Couple,1,3,35797.0,23
8916,39,Postgraduate,Single,2,3,36627.0,14
8017,33,Undergraduate,Couple,2,4,51111.0,3
5830,42,Postgraduate,Single,0,1,86857.0,25
4597,44,Postgraduate,Couple,0,2,82072.0,15
7023,61,Postgraduate,Single,3,4,46231.0,22
8086,55,Postgraduate,Couple,2,4,42243.0,9
8825,52,Postgraduate,Couple,2,4,51195.0,18
2930,36,Postgraduate,Single,0,1,68092.0,9
1928,41,Postgraduate,Couple,1,3,31814.0,20
7108,49,Postgraduate,Single,2,3,51390.0,25
10925,31,Postgraduate,Couple,0,2,76630.0,8
9960,23,Undergraduate,Single,1,2,26868.0,5
8800,71,Postgraduate,Single,0,1,48948.0,20
9224,42,Postgraduate,Single,1,2,55260.0,22
5519,58,Postgraduate,Couple,1,3,64090.0,14
5046,56,Postgraduate,Single,1,2,78331.0,8
7037,40,Postgraduate,Couple,1,3,37087.0,13
905,28,Postgraduate,Single,1,2,21846.0,11
8624,56,Postgraduate,Couple,0,2,81320.0,20
8945,44,Postgraduate,Single,1,2,54137.0,13
6445,47,Postgraduate,Couple,0,2,66825.0,14
2727,41,Postgraduate,Couple,0,2,57100.0,10
6404,45,Postgraduate,Couple,3,5,58917.0,18
11074,37,Postgraduate,Single,0,1,85072.0,5
10150,53,Postgraduate,Single,0,1,86429.0,10
1968,43,Postgraduate,Single,1,2,45684.0,10
6534,40,Postgraduate,Couple,1,3,47889.0,9
9485,28,Postgraduate,Couple,0,2,45921.0,6
7053,48,Postgraduate,Single,0,1,78420.0,15
4654,22,Postgraduate,Couple,0,2,75114.0,11
9760,51,Postgraduate,Single,1,2,52278.0,20
1048,42,Postgraduate,Couple,1,3,35641.0,14
10619,20,Postgraduate,Single,0,1,95529.0,22
9308,60,Postgraduate,Couple,0,2,62820.0,17
10505,54,Postgraduate,Couple,0,2,73113.0,9
8362,32,Postgraduate,Couple,0,2,84169.0,14
2625,60,Undergraduate,Single,1,2,42607.0,10
4637,60,Postgraduate,Single,0,1,74637.0,16
9972,59,Postgraduate,Couple,2,4,46015.0,5
4483,21,Postgraduate,Single,0,1,72354.0,17
4487,45,Postgraduate,Single,1,2,39858.0,20
4988,66,Postgraduate,Couple,2,4,34469.0,5
8931,28,Postgraduate,Couple,1,3,83033.0,4
5871,35,Postgraduate,Couple,0,2,24401.0,25
2008,36,Postgraduate,Couple,0,2,77583.0,7
3139,32,Undergraduate,Single,0,1,74116.0,9
10037,21,Postgraduate,Single,0,1,74293.0,5
10673,38,Postgraduate,Couple,1,3,68397.0,10
5303,40,Postgraduate,Couple,0,2,79632.0,5
538,25,Postgraduate,Single,1,2,46107.0,7
7922,63,Postgraduate,Single,1,2,64950.0,26
5692,25,Undergraduate,Couple,1,3,25443.0,21
4843,62,Postgraduate,Single,0,1,75127.0,4
6383,43,Postgraduate,Couple,1,3,32892.0,4
1628,43,Postgraduate,Couple,0,2,71796.0,11
1204,44,Postgraduate,Couple,1,3,67536.0,16
3673,43,Postgraduate,Single,1,2,55239.0,14
760,39,Postgraduate,Single,1,2,60554.0,14
8957,62,Undergraduate,Single,2,3,64831.0,16
4128,52,Postgraduate,Couple,1,3,56067.0,14
6810,31,Postgraduate,Single,0,1,82025.0,16
5386,61,Postgraduate,Couple,0,2,94384.0,19
8700,28,Undergraduate,Single,0,1,14906.0,21
3202,27,Postgraduate,Couple,0,2,51563.0,24
1328,32,Undergraduate,Couple,1,3,57937.0,7
8405,35,Postgraduate,Single,2,3,68274.0,12
6515,37,Postgraduate,Couple,1,3,39771.0,10
2882,39,Undergraduate,Single,1,2,67893.0,24
7574,35,Postgraduate,Couple,1,3,27922.0,4
6387,38,Postgraduate,Couple,2,4,52190.0,4
5320,41,Postgraduate,Single,2,3,44051.0,20
5048,43,Postgraduate,Single,2,3,42767.0,17
8146,38,Postgraduate,Couple,2,4,46106.0,4
10031,38,Postgraduate,Couple,2,4,16927.0,20
5748,49,Postgraduate,Couple,1,3,59754.0,22
2134,62,Postgraduate,Single,1,2,53700.0,25
1523,41,Postgraduate,Couple,2,4,59041.0,5
9665,57,Postgraduate,Single,1,2,54237.0,17
4640,47,Postgraduate,Single,1,2,70647.0,24
3635,52,Postgraduate,Single,1,2,52597.0,5
3547,45,Postgraduate,Couple,1,3,41021.0,21
2456,39,Postgraduate,Couple,1,3,40233.0,11
5633,34,Postgraduate,Couple,2,4,50183.0,3
7801,55,Postgraduate,Couple,1,3,54753.0,12
10489,41,Postgraduate,Couple,0,2,92955.0,13
7011,41,Postgraduate,Couple,1,3,33471.0,24
2620,40,Postgraduate,Couple,1,3,34596.0,17
3933,34,Postgraduate,Couple,1,3,44010.0,24
10981,26,Postgraduate,Couple,0,2,84219.0,8
1734,46,Postgraduate,Couple,3,5,40706.0,20
10995,26,Undergraduate,Couple,1,3,15716.0,23
6357,55,Undergraduate,Single,1,2,59052.0,10
9209,43,Postgraduate,Couple,0,2,80573.0,24
10286,52,Postgraduate,Couple,0,2,83715.0,8
2611,55,Postgraduate,Couple,0,2,82576.0,26
1600,49,Postgraduate,Couple,3,5,56962.0,11
3308,62,Postgraduate,Couple,2,4,35704.0,9
5407,60,Postgraduate,Couple,1,3,53103.0,12
2166,54,Undergraduate,Single,2,3,46779.0,14
3955,49,Postgraduate,Single,0,1,4861.0,3
6634,35,Postgraduate,Single,1,2,33462.0,14
3056,36,Postgraduate,Single,1,2,63693.0,11
5718,64,Postgraduate,Couple,0,2,80763.0,13
6872,40,Postgraduate,Couple,1,3,65352.0,13
8164,36,Postgraduate,Couple,0,2,82170.0,10
4580,45,Postgraduate,Couple,0,2,75759.0,11
9305,38,Undergraduate,Single,0,1,79689.0,17
453,58,Postgraduate,Single,2,3,35340.0,3
8545,60,Postgraduate,Single,0,1,85683.0,6
9850,42,Undergraduate,Couple,1,3,24884.0,22
7378,33,Postgraduate,Couple,1,3,42021.0,25
7646,25,Postgraduate,Single,1,2,64449.0,7
1640,60,Postgraduate,Single,2,3,64587.0,3
5184,19,Postgraduate,Single,0,1,34824.0,6
8492,36,Postgraduate,Couple,0,2,75437.0,10
11188,57,Postgraduate,Couple,2,4,26091.0,7
1212,41,Postgraduate,Couple,1,3,52845.0,13
9097,58,Postgraduate,Single,1,2,46086.0,11
10473,58,Postgraduate,Single,1,2,78028.0,25
7962,27,Postgraduate,Single,0,1,95169.0,12
9984,33,Undergraduate,Couple,2,4,56337.0,18
5527,27,Postgraduate,Couple,1,3,22434.0,19
6374,60,Postgraduate,Couple,1,3,36930.0,16
7453,60,Postgraduate,Single,1,2,36130.0,20
8952,61,Postgraduate,Couple,1,3,65569.0,23
241,62,Postgraduate,Couple,0,2,83844.0,17
8975,46,Postgraduate,Couple,2,4,19514.0,8
6119,51,Postgraduate,Single,2,3,36736.0,17
5236,35,Postgraduate,Couple,1,3,77568.0,25
5723,38,Postgraduate,Couple,1,3,49187.0,8
1710,36,Postgraduate,Single,1,2,30168.0,19
1970,46,Postgraduate,Couple,1,3,34053.0,25
5313,43,Postgraduate,Couple,2,4,38196.0,5
10634,63,Postgraduate,Couple,0,2,59412.0,5
7010,49,Undergraduate,Couple,0,2,70924.0,6
8562,45,Postgraduate,Couple,0,2,54165.0,16
3158,41,Postgraduate,Couple,1,3,32300.0,21
4436,38,Postgraduate,Single,0,1,20180.0,19
5287,41,Postgraduate,Couple,1,3,34961.0,3
2445,40,Postgraduate,Couple,1,3,28440.0,15
6059,61,Postgraduate,Couple,3,5,64504.0,19
4550,48,Postgraduate,Couple,1,3,33564.0,3
4240,36,Postgraduate,Couple,1,3,17345.0,23
8911,47,Postgraduate,Couple,1,3,56320.0,18
3706,36,Postgraduate,Single,1,2,28647.0,13
3628,27,Undergraduate,Single,1,2,15038.0,20
10175,56,Postgraduate,Single,1,2,32173.0,14
8985,50,Undergraduate,Couple,1,3,68316.0,23
5204,43,Postgraduate,Couple,0,2,74538.0,15
9220,43,Postgraduate,Single,0,1,91700.0,20
9888,45,Postgraduate,Couple,0,2,68695.0,3
5263,37,Undergraduate,Couple,1,3,31056.0,20
1020,41,Postgraduate,Couple,0,2,79593.0,4
9503,34,Postgraduate,Single,0,1,28071.0,25
10613,56,Postgraduate,Couple,2,4,37334.0,7
67,42,Postgraduate,Single,2,3,46423.0,12
6019,43,Postgraduate,Couple,1,3,37126.0,6
5863,61,Postgraduate,Couple,1,3,47703.0,16
3717,55,Postgraduate,Couple,1,3,61180.0,5
6730,60,Postgraduate,Couple,2,4,38998.0,23
10749,23,Postgraduate,Single,0,1,8028.0,24
4998,52,Postgraduate,Couple,0,2,76081.0,4
6287,28,Postgraduate,Couple,1,3,34728.0,14
5985,49,Postgraduate,Single,1,2,33168.0,24
4754,48,Postgraduate,Couple,1,3,33585.0,12
4002,54,Postgraduate,Couple,1,3,77037.0,11
8870,30,Postgraduate,Couple,1,3,35196.0,23
966,48,Postgraduate,Couple,1,3,44529.0,15
4767,49,Undergraduate,Couple,0,2,70924.0,6
9725,48,Postgraduate,Couple,2,4,28764.0,4
4475,65,Postgraduate,Couple,0,2,69098.0,19
5740,44,Undergraduate,Single,2,3,25959.0,19
5731,31,Postgraduate,Couple,1,3,27100.0,18
7290,29,Postgraduate,Single,0,1,70596.0,24
3846,40,Postgraduate,Couple,1,3,42557.0,25
8104,63,Postgraduate,Couple,0,2,53312.0,14
4507,62,Postgraduate,Single,0,1,72228.0,22
11013,27,Postgraduate,Couple,0,2,67605.0,18
4491,65,Postgraduate,Couple,2,4,62845.0,24
3759,56,Postgraduate,Couple,2,4,65196.0,14
1162,27,Postgraduate,Single,0,1,42000.0,21
2055,41,Postgraduate,Single,2,3,35860.0,4
10766,50,Postgraduate,Couple,1,3,65526.0,5
4415,53,Postgraduate,Couple,2,4,16860.0,25
3005,22,Postgraduate,Single,0,1,83528.0,5
2223,49,Undergraduate,Single,1,2,64176.0,26
4817,58,Postgraduate,Single,0,1,22304.0,26
2875,36,Postgraduate,Couple,0,2,67023.0,7
10536,43,Postgraduate,Couple,1,3,32892.0,4
11112,48,Postgraduate,Couple,1,3,70713.0,22
3807,59,Postgraduate,Couple,1,3,59925.0,22
9197,61,Postgraduate,Couple,1,3,39722.0,7
10832,56,Postgraduate,Couple,0,2,46610.0,14
6421,53,Postgraduate,Couple,0,2,88347.0,15
4207,33,Postgraduate,Couple,0,2,87171.0,17
577,38,Undergraduate,Couple,2,4,26907.0,13
10855,46,Postgraduate,Single,1,2,50014.0,8
3081,36,Postgraduate,Couple,1,3,41014.0,17
3535,49,Postgraduate,Single,0,1,66294.0,6
247,43,Postgraduate,Couple,1,3,36715.0,22
8707,58,Postgraduate,Couple,0,2,79456.0,25
9523,32,Postgraduate,Couple,1,3,40479.0,13
6072,44,Postgraduate,Single,0,1,75345.0,20
6295,37,Postgraduate,Couple,1,3,54233.0,20
10914,44,Postgraduate,Single,2,3,24163.0,11
1509,56,Postgraduate,Couple,0,2,84460.0,21
5577,31,Postgraduate,Couple,1,3,43776.0,5
7348,56,Postgraduate,Single,0,1,71691.0,6
1127,41,Postgraduate,Couple,0,2,85844.0,4
1833,40,Postgraduate,Single,1,2,39190.0,5
4944,55,Postgraduate,Couple,0,2,71367.0,13
9080,42,Postgraduate,Single,2,3,38578.0,15
6466,49,Postgraduate,Couple,2,4,57236.0,6
9964,35,Postgraduate,Single,1,2,61825.0,14
4790,56,Postgraduate,Single,1,2,79803.0,4
10245,28,Undergraduate,Single,0,1,80910.0,23
1109,32,Postgraduate,Couple,1,3,27590.0,17
6001,35,Postgraduate,Couple,1,3,56775.0,21
5538,39,Postgraduate,Single,0,1,83829.0,12
10552,35,Undergraduate,Couple,1,3,54210.0,16
1545,28,Postgraduate,Couple,1,3,38508.0,14
7409,44,Postgraduate,Couple,1,3,53187.0,11
4444,42,Postgraduate,Couple,1,3,30023.0,6
146,54,Postgraduate,Single,0,1,76045.0,10
6271,62,Postgraduate,Couple,1,3,50870.0,3
10065,44,Undergraduate,Couple,0,2,15315.0,14
4741,40,Undergraduate,Couple,1,3,65463.0,8
246,49,Postgraduate,Couple,2,4,66480.0,4
375,60,Postgraduate,Single,0,1,76773.0,19
1524,31,Undergraduate,Single,0,1,81698.0,19
10022,41,Postgraduate,Single,2,3,54466.0,7
7451,54,Postgraduate,Single,0,1,98777.0,7
11010,30,Postgraduate,Single,1,2,16269.0,13
4356,43,Postgraduate,Couple,1,3,71819.0,13
3885,31,Postgraduate,Couple,1,3,33569.0,11
1175,31,Postgraduate,Couple,0,2,36262.0,12
880,48,Undergraduate,Couple,0,2,22634.0,20
2320,36,Undergraduate,Couple,1,3,47025.0,12
850,46,Postgraduate,Single,1,2,70566.0,12
4713,35,Postgraduate,Couple,1,3,31605.0,22
675,41,Postgraduate,Single,2,3,52034.0,16
5025,35,Postgraduate,Single,1,2,48526.0,9
2308,60,Postgraduate,Couple,1,3,46734.0,22
5995,52,Postgraduate,Single,2,3,39552.0,21
6749,48,Postgraduate,Single,2,3,86358.0,26
1010,37,Postgraduate,Couple,3,5,46931.0,5
8977,29,Undergraduate,Single,0,1,16581.0,21
4756,62,Undergraduate,Single,0,1,63998.0,9
3412,63,Postgraduate,Couple,1,3,67381.0,20
606,47,Postgraduate,Single,2,3,25930.0,11
5961,36,Postgraduate,Couple,1,3,42693.0,3
2975,38,Postgraduate,Couple,1,3,85606.0,23
2894,29,Postgraduate,Single,0,1,72903.0,11
7613,40,Undergraduate,Couple,1,3,49669.0,4
10542,46,Postgraduate,Couple,2,4,36778.0,26
8015,52,Postgraduate,Single,0,1,85696.0,17
10617,25,Postgraduate,Single,0,1,10979.0,4
11166,53,Postgraduate,Couple,1,3,49678.0,20
849,61,Postgraduate,Couple,1,3,56129.0,15
523,25,Postgraduate,Couple,1,3,37155.0,20
4066,36,Undergraduate,Single,1,2,21282.0,4
8414,52,Postgraduate,Single,1,2,33419.0,13
819,69,Postgraduate,Single,0,1,63285.0,11
4961,40,Postgraduate,Couple,1,3,21255.0,8
749,33,Postgraduate,Couple,1,3,42162.0,10
5430,58,Postgraduate,Couple,2,4,54450.0,25
7755,60,Postgraduate,Couple,1,3,57744.0,10
10525,28,Postgraduate,Single,1,2,26576.0,24
1453,71,Postgraduate,Single,0,1,57513.0,15
8310,50,Postgraduate,Couple,1,3,68142.0,25
10710,35,Postgraduate,Couple,1,3,7500.0,25
5031,40,Postgraduate,Couple,0,2,83145.0,24
2613,54,Postgraduate,Couple,1,3,54197.0,6
213,51,Postgraduate,Single,2,3,23091.0,4
967,38,Postgraduate,Couple,2,4,46049.0,14
1077,40,Postgraduate,Couple,0,2,56715.0,22
7959,53,Postgraduate,Couple,0,2,79410.0,4
640,63,Postgraduate,Couple,1,3,57304.0,19
4252,49,Postgraduate,Couple,1,3,44375.0,6
8432,58,Postgraduate,Couple,2,4,54450.0,25
6218,49,Postgraduate,Couple,1,3,59594.0,23
6905,20,Postgraduate,Couple,0,2,80685.0,25
5922,40,Postgraduate,Couple,1,3,40344.0,11
3598,42,Postgraduate,Couple,1,3,62710.0,16
6116,46,Undergraduate,Couple,1,3,48985.0,15
6263,46,Postgraduate,Couple,3,5,35322.0,25
10486,66,Postgraduate,Couple,0,2,77142.0,16
2410,45,Postgraduate,Single,0,1,81657.0,8
193,18,Undergraduate,Couple,0,2,14421.0,7
3363,40,Undergraduate,Couple,0,2,20130.0,6
8278,24,Postgraduate,Couple,0,2,74214.0,25
10660,57,Postgraduate,Couple,2,4,66726.0,8
8686,35,Undergraduate,Couple,1,3,23724.0,21
1604,54,Postgraduate,Couple,1,3,47353.0,10
5907,62,Postgraduate,Couple,2,4,33444.0,23
10669,33,Postgraduate,Couple,1,3,54386.0,16
2918,33,Postgraduate,Single,2,3,28510.0,17
5735,23,Postgraduate,Single,0,1,90638.0,7
359,64,Postgraduate,Couple,1,3,48070.0,20
8387,57,Postgraduate,Couple,1,3,43140.0,21
1829,53,Postgraduate,Single,1,2,54959.0,20
3839,56,Undergraduate,Single,2,3,15056.0,17
9392,43,Postgraduate,Single,1,2,26954.0,4
2292,29,Postgraduate,Single,1,2,22327.0,14
10466,49,Postgraduate,Couple,2,4,44393.0,13
9855,62,Postgraduate,Single,1,2,62000.0,13
4088,52,Postgraduate,Couple,1,3,31497.0,22
5231,40,Undergraduate,Couple,2,4,45894.0,7
590,44,Postgraduate,Single,0,1,78579.0,21
8732,45,Postgraduate,Single,1,2,67369.0,22
2315,54,Postgraduate,Single,1,2,58401.0,5
3515,62,Postgraduate,Single,1,2,62307.0,7
2245,45,Postgraduate,Couple,2,4,43641.0,17
6283,46,Postgraduate,Single,1,2,63841.0,17
2246,49,Undergraduate,Couple,1,3,46891.0,13
6606,45,Postgraduate,Couple,1,3,70091.0,18
5545,42,Postgraduate,Couple,0,2,78075.0,6
7342,53,Undergraduate,Single,1,2,59184.0,25
837,37,Postgraduate,Couple,2,4,54809.0,12
9500,55,Postgraduate,Couple,1,3,58113.0,20
3602,56,Postgraduate,Couple,1,3,51412.0,9
234,35,Postgraduate,Single,1,2,15287.0,24
2995,57,Postgraduate,Couple,0,2,66636.0,13
1118,58,Postgraduate,Couple,1,3,50965.0,19
7789,49,Postgraduate,Couple,0,2,84618.0,10
3068,24,Postgraduate,Couple,0,2,18351.0,11
8955,57,Postgraduate,Couple,2,4,40451.0,7
945,49,Postgraduate,Couple,1,3,36317.0,16
5644,57,Postgraduate,Couple,1,3,42213.0,11
7192,59,Postgraduate,Couple,1,3,65748.0,17
2324,42,Postgraduate,Couple,1,3,77044.0,11
697,45,Postgraduate,Couple,0,2,74918.0,19
3439,42,Postgraduate,Couple,2,4,56721.0,23
1506,39,Postgraduate,Single,2,3,42160.0,15
232,49,Postgraduate,Single,1,2,61559.0,14
8876,51,Postgraduate,Couple,2,4,33629.0,26
4500,23,Postgraduate,Couple,0,2,68682.0,12
9739,51,Postgraduate,Single,1,2,34377.0,20
10395,28,Undergraduate,Single,1,2,8940.0,25
1176,41,Postgraduate,Couple,1,3,26228.0,12
1627,57,Undergraduate,Single,0,1,77297.0,20
938,33,Postgraduate,Couple,2,4,40211.0,14
2740,56,Postgraduate,Single,2,3,33438.0,12
257,55,Postgraduate,Couple,1,3,75032.0,17
4058,59,Postgraduate,Single,0,1,61284.0,11
7736,28,Postgraduate,Couple,1,3,22518.0,23
8210,39,Postgraduate,Couple,1,3,54730.0,13
833,59,Postgraduate,Couple,2,4,38452.0,6
6230,43,Postgraduate,Single,2,3,44421.0,19
7325,28,Postgraduate,Couple,1,3,38197.0,15
1307,36,Postgraduate,Single,1,2,41986.0,7
1502,31,Postgraduate,Couple,1,3,28427.0,18
6211,38,Postgraduate,Couple,1,3,37395.0,5
843,43,Postgraduate,Couple,1,3,64722.0,4
4174,58,Postgraduate,Couple,1,3,55249.0,5
9757,42,Postgraduate,Couple,0,2,84906.0,12
6918,25,Postgraduate,Couple,1,3,28691.0,15
286,62,Postgraduate,Single,2,3,44213.0,10
11086,30,Undergraduate,Single,1,2,25707.0,8
1921,47,Postgraduate,Couple,3,5,59062.0,12
4138,52,Postgraduate,Single,1,2,76624.0,4
7718,67,Postgraduate,Couple,0,2,66000.0,5
1291,36,Postgraduate,Couple,1,3,27683.0,26
6862,43,Postgraduate,Single,0,1,1730.0,4
4136,22,Undergraduate,Single,1,2,7500.0,22
803,46,Postgraduate,Couple,2,4,40521.0,18
4298,41,Postgraduate,Couple,1,3,20427.0,6
10833,39,Postgraduate,Couple,1,3,65106.0,4
9606,49,Postgraduate,Couple,0,2,69969.0,13
8534,62,Postgraduate,Couple,2,4,67433.0,14
5153,47,Postgraduate,Couple,1,3,77766.0,19
961,42,Postgraduate,Couple,1,3,74716.0,12
5011,51,Postgraduate,Single,1,2,68118.0,11
6653,44,Postgraduate,Couple,2,4,55158.0,26
9094,59,Undergraduate,Couple,1,3,62972.0,26
810,39,Postgraduate,Couple,1,3,74190.0,4
5493,38,Postgraduate,Couple,2,4,39356.0,6
2147,45,Postgraduate,Couple,0,2,76653.0,13
5107,41,Postgraduate,Single,2,3,35860.0,4
3979,31,Postgraduate,Single,0,1,90687.0,16
6049,32,Postgraduate,Couple,0,2,73450.0,10
8147,54,Postgraduate,Couple,2,4,31454.0,15
1857,62,Postgraduate,Single,2,3,47139.0,7
3910,39,Postgraduate,Single,0,1,83829.0,12
5207,51,Postgraduate,Couple,2,4,53378.0,24
11114,44,Postgraduate,Couple,1,3,19656.0,20
5429,66,Postgraduate,Couple,1,3,45579.0,13
9400,56,Undergraduate,Single,0,1,85485.0,3
1740,70,Postgraduate,Couple,0,2,55956.0,6
7488,51,Postgraduate,Single,1,2,64191.0,20
195,42,Postgraduate,Single,1,2,38808.0,25
635,48,Postgraduate,Couple,2,4,57183.0,18
7527,46,Postgraduate,Single,1,2,23748.0,22
10319,43,Postgraduate,Couple,1,3,66303.0,19
2296,39,Postgraduate,Couple,1,3,37368.0,9
10637,50,Postgraduate,Couple,3,5,40800.0,21
2931,36,Postgraduate,Single,0,1,71847.0,24
907,39,Postgraduate,Couple,1,3,46149.0,10
3698,31,Postgraduate,Couple,0,2,78687.0,26
9516,43,Undergraduate,Single,0,1,49118.0,25
679,57,Postgraduate,Couple,2,4,37633.0,24
7384,63,Postgraduate,Couple,0,2,39767.0,14
5043,63,Undergraduate,Couple,0,2,26997.0,23
5267,44,Postgraduate,Single,1,2,33986.0,18
339,42,Postgraduate,Couple,1,3,57091.0,22
2516,45,Undergraduate,Couple,2,4,46831.0,16
9010,42,Postgraduate,Couple,0,2,83151.0,20
378,43,Postgraduate,Couple,0,2,52531.0,21
4808,58,Postgraduate,Couple,0,2,15759.0,13
5068,43,Postgraduate,Single,1,2,22804.0,14
7628,41,Undergraduate,Couple,1,3,43050.0,6
7128,37,Postgraduate,Single,2,3,42997.0,10
2811,51,Postgraduate,Single,2,3,48918.0,5
3551,60,Postgraduate,Couple,1,3,60033.0,6
1663,36,Postgraduate,Couple,1,3,34043.0,11
5543,48,Postgraduate,Couple,1,3,57811.0,15
1577,68,Postgraduate,Couple,0,2,78569.0,7
10641,36,Postgraduate,Single,2,3,7500.0,21
5336,43,Postgraduate,Couple,1,3,157733.0,16
6024,61,Postgraduate,Couple,0,2,94384.0,19
1878,29,Undergraduate,Couple,0,2,23148.0,7
3099,44,Postgraduate,Single,2,3,44267.0,19
6055,35,Postgraduate,Couple,0,2,71626.0,23
5841,48,Postgraduate,Couple,1,3,60894.0,15
3972,38,Postgraduate,Couple,2,4,50200.0,18
4394,49,Postgraduate,Couple,0,2,81051.0,4
5758,32,Postgraduate,Couple,0,2,65169.0,8
6658,42,Postgraduate,Couple,1,3,59868.0,14
4603,54,Postgraduate,Couple,1,3,65695.0,8
8427,58,Postgraduate,Single,0,1,64857.0,22
10260,49,Postgraduate,Couple,1,3,45143.0,13
7143,59,Undergraduate,Couple,1,3,74805.0,11
8789,25,Undergraduate,Couple,1,3,59060.0,8
6197,52,Postgraduate,Single,2,3,27238.0,17
4554,49,Postgraduate,Couple,1,3,47009.0,12
4937,41,Undergraduate,Couple,2,4,46094.0,3
1920,42,Postgraduate,Couple,2,4,40321.0,14
8749,30,Postgraduate,Couple,1,3,37235.0,8
1650,54,Postgraduate,Couple,0,2,81843.0,17
10377,56,Postgraduate,Couple,1,3,46692.0,16
9206,46,Postgraduate,Couple,1,3,77382.0,9
10971,37,Postgraduate,Single,2,3,37774.0,25
6398,40,Undergraduate,Couple,1,3,18393.0,6
9212,52,Postgraduate,Couple,1,3,72828.0,19
7937,32,Postgraduate,Couple,0,2,24711.0,5
839,39,Postgraduate,Couple,1,3,45503.0,12
4246,32,Postgraduate,Single,0,1,6560.0,9
158,69,Postgraduate,Couple,0,2,71604.0,10
4832,35,Postgraduate,Couple,1,3,27244.0,7
5621,45,Postgraduate,Couple,2,4,48752.0,22
1945,52,Postgraduate,Couple,1,3,71434.0,12
5147,66,Postgraduate,Single,0,1,90842.0,14
2535,36,Postgraduate,Couple,1,3,88097.0,25
11039,39,Postgraduate,Couple,1,3,51948.0,12
9495,32,Postgraduate,Couple,0,2,71853.0,17
9635,31,Postgraduate,Couple,0,2,35876.0,5
2173,62,Postgraduate,Single,1,2,40049.0,11
942,32,Postgraduate,Single,1,2,39660.0,26
9386,52,Postgraduate,Couple,1,3,50127.0,4
5510,37,Postgraduate,Couple,1,3,43263.0,22
873,65,Postgraduate,Couple,2,4,62845.0,24
2253,24,Postgraduate,Couple,0,2,18929.0,19
5181,32,Undergraduate,Single,1,2,24367.0,18
979,39,Postgraduate,Single,1,2,33249.0,19
10390,55,Undergraduate,Couple,1,3,26887.0,20
4698,31,Postgraduate,Couple,0,2,50150.0,15
7793,38,Postgraduate,Couple,1,3,62061.0,13
1745,52,Postgraduate,Single,0,1,85696.0,17
10590,58,Postgraduate,Couple,0,2,76542.0,18
5080,21,Postgraduate,Single,0,1,70515.0,11
8369,27,Postgraduate,Couple,1,3,18227.0,23
5232,49,Postgraduate,Couple,1,3,69139.0,8
2407,32,Postgraduate,Couple,0,2,69109.0,23
3834,52,Postgraduate,Single,1,2,69627.0,18
7912,36,Postgraduate,Couple,1,3,38136.0,17
7712,68,Postgraduate,Single,0,1,62159.0,5
1065,51,Postgraduate,Single,0,1,80695.0,9
7275,43,Postgraduate,Single,2,3,33316.0,12
1343,46,Postgraduate,Couple,2,4,58554.0,24
1384,22,Undergraduate,Couple,1,3,17256.0,10
9967,40,Postgraduate,Single,2,3,53034.0,16
6181,64,Undergraduate,Couple,0,2,52203.0,26
10507,37,Undergraduate,Single,1,2,59601.0,14
2674,56,Postgraduate,Single,1,2,75154.0,25
2698,38,Postgraduate,Single,1,2,47025.0,11
3231,41,Postgraduate,Couple,1,3,37971.0,10
4096,46,Postgraduate,Single,1,2,41335.0,9
10476,56,Postgraduate,Couple,1,3,67267.0,4
5948,39,Postgraduate,Single,1,2,57338.0,5
9140,54,Undergraduate,Couple,2,4,50523.0,9
10258,49,Postgraduate,Single,3,4,35791.0,17
5675,54,Postgraduate,Single,1,2,50611.0,24
4743,45,Postgraduate,Couple,1,3,56242.0,19
8805,54,Postgraduate,Single,1,2,48904.0,22
1542,39,Postgraduate,Single,3,4,56243.0,9
6770,29,Postgraduate,Couple,1,3,21355.0,13
8773,43,Postgraduate,Couple,1,3,57420.0,15
10420,59,Postgraduate,Single,1,2,46390.0,5
7514,58,Undergraduate,Couple,2,4,54342.0,15
793,41,Postgraduate,Couple,1,3,20895.0,24
10909,66,Postgraduate,Couple,0,2,92344.0,8
8702,38,Undergraduate,Couple,2,4,26907.0,13
4791,34,Postgraduate,Couple,2,4,44964.0,21
2963,35,Postgraduate,Couple,0,2,75507.0,5
8216,42,Postgraduate,Couple,2,4,53761.0,11
8140,41,Postgraduate,Couple,1,3,22682.0,12
10146,42,Postgraduate,Couple,1,3,38887.0,7
5289,39,Undergraduate,Single,2,3,41658.0,23
2587,42,Postgraduate,Couple,1,3,29791.0,4
4405,58,Postgraduate,Couple,2,4,63915.0,14
8663,40,Postgraduate,Single,2,3,39996.0,4
2589,42,Postgraduate,Single,1,2,26759.0,7
3421,46,Postgraduate,Single,1,2,63841.0,17
10490,45,Postgraduate,Couple,2,4,51039.0,22
4094,53,Postgraduate,Couple,2,4,60544.0,25
9958,42,Postgraduate,Couple,1,3,65685.0,6
2534,61,Postgraduate,Couple,1,3,37716.0,5
4188,57,Postgraduate,Single,1,2,36864.0,26
6613,44,Postgraduate,Couple,1,3,44511.0,24
10827,47,Postgraduate,Couple,2,4,36947.0,26
5491,63,Postgraduate,Couple,1,3,47352.0,18
8402,61,Postgraduate,Couple,1,3,67087.0,9
8783,64,Postgraduate,Couple,1,3,57045.0,25
10010,61,Postgraduate,Single,2,3,36957.0,25
618,37,Postgraduate,Couple,1,3,69389.0,24
9121,42,Postgraduate,Couple,1,3,80134.0,16
361,45,Postgraduate,Couple,2,4,43142.0,7
4310,70,Postgraduate,Couple,0,2,80589.0,8
2678,24,Postgraduate,Single,1,2,34412.0,19
6376,35,Postgraduate,Single,1,2,57537.0,16
524,48,Undergraduate,Couple,0,2,22634.0,20
10341,66,Postgraduate,Couple,0,2,51315.0,7
5654,42,Postgraduate,Couple,3,5,36026.0,6
4098,41,Postgraduate,Couple,2,4,24639.0,8
5824,42,Postgraduate,Couple,3,5,34578.0,5
7000,42,Undergraduate,Single,0,1,65704.0,11
2561,48,Postgraduate,Single,1,2,63810.0,23
5229,45,Postgraduate,Couple,1,3,54132.0,7
4086,55,Postgraduate,Couple,0,2,18690.0,21
2428,44,Postgraduate,Couple,1,3,28164.0,17
8254,40,Postgraduate,Couple,1,3,34596.0,17
2836,42,Postgraduate,Couple,1,3,43269.0,12
8418,56,Undergraduate,Single,2,3,38741.0,6
1362,42,Postgraduate,Single,0,1,31907.0,19
7152,31,Postgraduate,Couple,1,3,27100.0,18
10033,41,Undergraduate,Single,1,2,31163.0,7
9349,29,Postgraduate,Couple,0,2,92533.0,9
274,41,Postgraduate,Single,2,3,34853.0,9
3388,47,Postgraduate,Single,2,3,70844.0,11
922,35,Undergraduate,Couple,2,4,31086.0,17
8588,53,Postgraduate,Couple,2,4,60544.0,25
2518,28,Undergraduate,Couple,0,2,20491.0,20
574,50,Postgraduate,Couple,0,2,42523.0,5
3220,31,Postgraduate,Couple,1,3,39922.0,19
5967,62,Postgraduate,Couple,2,4,33402.0,14
1183,65,Postgraduate,Couple,2,4,36408.0,12
6856,35,Postgraduate,Couple,1,3,21645.0,25
4530,66,Postgraduate,Single,0,1,78427.0,23
1553,68,Postgraduate,Couple,0,2,82657.0,12
4682,56,Postgraduate,Couple,0,2,51876.0,11
8204,43,Undergraduate,Couple,0,2,78041.0,21
5221,57,Postgraduate,Couple,1,3,52852.0,22
1232,32,Postgraduate,Couple,0,2,70038.0,11
1927,41,Undergraduate,Couple,1,3,69401.0,6
5788,42,Postgraduate,Couple,1,3,46053.0,19
6652,49,Postgraduate,Couple,0,2,77343.0,3
6246,61,Postgraduate,Single,0,1,73892.0,10
5975,47,Postgraduate,Single,1,2,40304.0,12
6875,49,Postgraduate,Couple,0,2,32727.0,25
4399,45,Postgraduate,Couple,0,2,68695.0,3
4042,43,Postgraduate,Single,1,2,43300.0,24
2157,42,Postgraduate,Couple,2,4,26290.0,21
10133,44,Postgraduate,Single,0,1,93790.0,7
2525,40,Postgraduate,Couple,0,2,38410.0,25
8233,64,Postgraduate,Single,1,2,64866.0,8
9483,55,Postgraduate,Couple,1,3,57957.0,13
2945,59,Postgraduate,Couple,2,4,46015.0,5
10403,36,Postgraduate,Couple,1,3,16531.0,3
5074,28,Postgraduate,Couple,1,3,28072.0,15
10524,51,Postgraduate,Single,1,2,49476.0,15
4690,61,Postgraduate,Couple,1,3,50725.0,19
7521,62,Postgraduate,Couple,0,2,83844.0,17
7196,64,Postgraduate,Couple,2,4,41145.0,7
4406,44,Postgraduate,Couple,1,3,67419.0,20
9672,44,Undergraduate,Couple,2,4,23162.0,9
4864,37,Postgraduate,Couple,1,3,34380.0,17
4706,48,Postgraduate,Single,1,2,34704.0,17
4070,45,Postgraduate,Couple,2,4,94871.0,25
25,56,Postgraduate,Couple,1,3,65148.0,22
3697,60,Postgraduate,Couple,1,3,39898.0,19
217,58,Postgraduate,Single,0,1,64857.0,22
4220,44,Postgraduate,Couple,1,3,59892.0,11
5286,27,Postgraduate,Single,0,1,41020.0,11
9559,53,Postgraduate,Couple,1,3,57072.0,8
2849,35,Postgraduate,Single,1,2,60474.0,18
7787,54,Postgraduate,Couple,1,3,62807.0,25
3102,33,Undergraduate,Couple,1,3,19414.0,11
5868,34,Postgraduate,Couple,1,3,19107.0,13
8370,38,Undergraduate,Couple,1,3,75484.0,26
9988,38,Postgraduate,Single,1,2,70379.0,19
2939,44,Postgraduate,Couple,0,2,79419.0,3
5529,68,Postgraduate,Couple,3,5,64014.0,3
9743,59,Postgraduate,Couple,1,3,76998.0,21
5763,42,Postgraduate,Couple,1,3,49854.0,10
3478,43,Postgraduate,Couple,2,4,60585.0,15
7494,64,Postgraduate,Single,2,3,42873.0,20
1763,26,Postgraduate,Couple,0,2,87679.0,14
7250,36,Postgraduate,Couple,1,3,57867.0,12
2005,24,Postgraduate,Couple,1,3,35765.0,9
10770,55,Postgraduate,Couple,0,2,65492.0,8
6885,37,Postgraduate,Single,1,2,32952.0,10
2072,45,Postgraduate,Couple,1,3,53374.0,25
9463,55,Postgraduate,Couple,1,3,71706.0,23
6318,26,Postgraduate,Couple,0,2,68487.0,20
4093,39,Postgraduate,Couple,2,4,53253.0,20
5751,41,Undergraduate,Single,1,2,31163.0,7
3340,37,Postgraduate,Couple,1,3,42014.0,25
3594,41,Postgraduate,Couple,2,4,54108.0,23
3584,59,Postgraduate,Single,0,1,49667.0,25
3643,40,Postgraduate,Couple,0,2,63206.0,6
851,42,Postgraduate,Couple,2,4,57136.0,15
7706,39,Undergraduate,Couple,1,3,46772.0,23
3967,43,Postgraduate,Couple,0,2,78931.0,11
10128,56,Postgraduate,Couple,1,3,53977.0,16
486,26,Postgraduate,Couple,0,2,84219.0,8
9,39,Postgraduate,Single,2,3,46098.0,25
9451,49,Postgraduate,Couple,1,3,73538.0,22
9264,28,Postgraduate,Couple,0,2,79529.0,5
3865,37,Undergraduate,Couple,0,2,20981.0,17
2853,34,Postgraduate,Single,1,2,51766.0,6
1490,52,Postgraduate,Couple,1,3,55759.0,22
6310,36,Postgraduate,Couple,1,3,33039.0,13
10380,42,Postgraduate,Couple,1,3,37787.0,12
3887,44,Postgraduate,Single,1,2,27242.0,23
4278,31,Postgraduate,Single,0,1,87188.0,16
8643,43,Postgraduate,Couple,0,2,69930.0,16
1998,38,Postgraduate,Single,1,2,37697.0,7
10795,41,Postgraduate,Couple,1,3,37401.0,5
11110,41,Postgraduate,Single,1,2,3502.0,17
2408,38,Postgraduate,Couple,2,4,58597.0,22
202,66,Postgraduate,Single,0,1,82032.0,6
7998,56,Postgraduate,Couple,2,4,28087.0,22
830,27,Postgraduate,Single,0,1,74004.0,7
3536,54,Postgraduate,Couple,1,3,19740.0,18
6050,39,Undergraduate,Couple,1,3,57036.0,22
125,56,Undergraduate,Couple,2,4,53083.0,16
3463,39,Postgraduate,Couple,1,3,69283.0,3
2804,39,Postgraduate,Single,2,3,46098.0,25
3745,26,Undergraduate,Couple,1,3,23331.0,25
9771,26,Undergraduate,Single,1,2,23331.0,24
451,25,Postgraduate,Single,1,2,9255.0,9
10530,55,Postgraduate,Single,0,1,67786.0,10
1079,43,Postgraduate,Couple,1,3,71969.0,23
8920,47,Postgraduate,Single,1,2,59235.0,21
6678,25,Postgraduate,Couple,1,3,31928.0,6
3852,53,Postgraduate,Couple,2,4,74881.0,19
528,36,Postgraduate,Couple,0,2,65819.0,22
73,61,Postgraduate,Single,3,4,51411.0,16
5589,50,Postgraduate,Single,1,2,51983.0,25
10212,28,Postgraduate,Couple,1,3,42386.0,20
6365,27,Undergraduate,Couple,0,2,30390.0,13
5636,51,Postgraduate,Single,0,1,30983.0,23
591,57,Postgraduate,Single,1,2,66033.0,20
2217,39,Undergraduate,Couple,2,4,37284.0,18
2544,63,Postgraduate,Single,1,2,57530.0,11
7725,49,Undergraduate,Couple,0,2,76800.0,7
8091,58,Postgraduate,Couple,1,3,63943.0,25
7321,52,Postgraduate,Couple,0,2,76081.0,4
5462,40,Postgraduate,Couple,1,3,67445.0,26
7791,47,Postgraduate,Couple,2,4,37054.0,12
955,52,Postgraduate,Couple,2,4,47175.0,23
4037,38,Postgraduate,Single,1,2,31859.0,15
6642,53,Postgraduate,Single,3,4,27215.0,20
2793,38,Postgraduate,Single,1,2,70179.0,14
5424,31,Postgraduate,Couple,1,3,39922.0,19
879,38,Postgraduate,Couple,2,4,49681.0,11
9530,26,Postgraduate,Couple,1,3,24645.0,23
4828,60,Postgraduate,Single,1,2,79865.0,3
10699,29,Postgraduate,Couple,1,3,44322.0,3
1497,62,Postgraduate,Single,1,2,47958.0,20
7476,50,Postgraduate,Single,1,2,63972.0,22
4390,60,Postgraduate,Couple,1,3,75315.0,5
10478,64,Postgraduate,Couple,2,4,55517.0,24
1081,57,Postgraduate,Couple,3,5,75283.0,18
4261,68,Postgraduate,Single,0,1,82800.0,22
9916,60,Postgraduate,Couple,2,4,38998.0,23
5350,23,Postgraduate,Single,0,1,90638.0,7
8135,28,Postgraduate,Couple,1,3,27161.0,11
8685,37,Postgraduate,Couple,1,3,42014.0,25
4967,54,Postgraduate,Couple,1,3,38201.0,18
2130,32,Postgraduate,Couple,2,4,45203.0,6
9298,67,Postgraduate,Couple,0,2,81574.0,5
8175,22,Postgraduate,Couple,0,2,34935.0,15
6257,38,Postgraduate,Single,1,2,60482.0,20
3790,58,Postgraduate,Couple,3,5,34633.0,8
9952,67,Postgraduate,Couple,0,2,78093.0,9
3503,64,Postgraduate,Single,0,1,82460.0,10
5223,48,Postgraduate,Couple,1,3,45903.0,5
4608,27,Postgraduate,Single,0,1,81361.0,7
1626,41,Postgraduate,Single,2,3,35860.0,4
4764,62,Postgraduate,Couple,2,4,40442.0,25
2471,49,Postgraduate,Couple,0,2,61482.0,3
5892,34,Postgraduate,Couple,1,3,34968.0,18
2612,27,Postgraduate,Couple,0,2,75794.0,9
4971,52,Postgraduate,Couple,1,3,31497.0,22
5185,59,Postgraduate,Couple,0,2,74268.0,19
10069,26,Undergraduate,Couple,1,3,13724.0,25
2262,49,Postgraduate,Couple,1,3,45143.0,13
1131,47,Postgraduate,Single,1,2,52569.0,6
1041,41,Postgraduate,Single,1,2,48432.0,23
24,54,Postgraduate,Couple,2,4,17144.0,7
3409,30,Postgraduate,Single,1,2,36108.0,11
7022,43,Postgraduate,Couple,1,3,76445.0,24
7943,39,Postgraduate,Couple,1,3,36663.0,5
5272,49,Postgraduate,Couple,1,3,53843.0,15
5453,58,Postgraduate,Couple,0,2,90226.0,24
2565,59,Postgraduate,Single,0,1,70638.0,16
800,54,Postgraduate,Couple,2,4,44512.0,13
11092,53,Postgraduate,Couple,2,4,27116.0,7
5062,51,Postgraduate,Couple,2,4,54072.0,14
8969,37,Postgraduate,Couple,1,3,71855.0,20
4656,24,Undergraduate,Single,1,2,51250.0,18
4480,41,Postgraduate,Couple,1,3,60432.0,6
9971,50,Postgraduate,Couple,1,3,65526.0,5
6729,26,Postgraduate,Single,0,1,68655.0,26
1773,36,Undergraduate,Couple,0,2,12393.0,22
9242,24,Postgraduate,Single,0,1,64509.0,13
1764,39,Postgraduate,Single,1,2,33955.0,14
6215,37,Postgraduate,Couple,2,4,31353.0,9
10099,30,Postgraduate,Couple,1,3,55434.0,12
5423,31,Postgraduate,Couple,1,3,28359.0,11
940,27,Postgraduate,Single,1,2,57100.0,4
3011,49,Postgraduate,Couple,1,3,69139.0,8
3298,58,Postgraduate,Couple,1,3,52973.0,23
8286,49,Postgraduate,Couple,1,3,51717.0,13
9668,43,Postgraduate,Couple,1,3,18793.0,21
5120,32,Undergraduate,Couple,0,2,66664.0,24
6097,55,Postgraduate,Single,2,3,50664.0,20
7019,51,Postgraduate,Couple,2,4,54414.0,20
7408,62,Postgraduate,Couple,1,3,54549.0,7
8041,43,Postgraduate,Single,1,2,47111.0,25
252,51,Postgraduate,Single,0,1,41003.0,18
9986,32,Postgraduate,Couple,1,3,19444.0,7
3276,38,Undergraduate,Couple,1,3,36301.0,11
3859,67,Postgraduate,Couple,1,3,73059.0,13
3570,45,Postgraduate,Couple,1,3,42731.0,11
3783,55,Postgraduate,Couple,2,4,52854.0,6
10207,36,Postgraduate,Couple,1,3,22775.0,15
10906,66,Postgraduate,Couple,2,4,46681.0,12
3427,59,Postgraduate,Couple,1,3,59821.0,18
5209,60,Postgraduate,Single,1,2,50002.0,15
10711,69,Postgraduate,Couple,0,2,69755.0,12
10785,45,Postgraduate,Couple,2,4,44078.0,3
2814,38,Postgraduate,Couple,1,3,30560.0,15
6866,45,Postgraduate,Couple,2,4,35924.0,6
1665,50,Postgraduate,Single,2,3,64140.0,12
6575,33,Postgraduate,Couple,2,4,56386.0,23
3829,35,Undergraduate,Couple,1,3,24594.0,9
3091,33,Undergraduate,Couple,1,3,75774.0,5
10141,54,Postgraduate,Single,0,1,39228.0,17
5177,40,Postgraduate,Couple,1,3,58494.0,9
7005,33,Postgraduate,Single,0,1,58684.0,3
6409,47,Postgraduate,Single,0,1,57136.0,16
7485,64,Postgraduate,Single,2,3,56551.0,5
8079,32,Postgraduate,Couple,1,3,22448.0,7
8395,53,Postgraduate,Single,0,1,82014.0,25
10352,51,Postgraduate,Single,2,3,34213.0,25
4931,37,Postgraduate,Couple,0,2,157146.0,17
13,67,Postgraduate,Single,1,2,25358.0,14
1834,36,Postgraduate,Single,1,2,35544.0,7
2285,60,Postgraduate,Couple,1,3,36634.0,16
2295,60,Postgraduate,Couple,1,3,62670.0,8
1378,42,Undergraduate,Couple,1,3,50334.0,14
2781,33,Postgraduate,Single,0,1,72066.0,3
1165,56,Postgraduate,Single,2,3,50729.0,17
1404,46,Postgraduate,Couple,2,4,34916.0,16
6457,38,Postgraduate,Single,1,2,64892.0,4
2639,48,Postgraduate,Single,2,3,43602.0,8
8299,25,Postgraduate,Single,0,1,33996.0,12
6437,29,Undergraduate,Single,1,2,41473.0,15
6912,47,Postgraduate,Couple,2,4,63246.0,13
7327,55,Postgraduate,Couple,2,4,36732.0,9
5299,44,Postgraduate,Couple,1,3,69084.0,10
4127,47,Postgraduate,Couple,1,3,77766.0,19
8143,29,Postgraduate,Single,0,1,37929.0,14
1964,63,Postgraduate,Couple,0,2,86610.0,13
3690,28,Postgraduate,Couple,0,2,80141.0,21
3433,59,Undergraduate,Couple,0,2,72635.0,16
3389,44,Postgraduate,Couple,1,3,69016.0,22
4712,23,Undergraduate,Couple,0,2,20193.0,22
1170,39,Postgraduate,Couple,1,3,27573.0,18
6347,35,Undergraduate,Single,1,2,15862.0,15
4065,38,Postgraduate,Couple,1,3,49544.0,19
8230,34,Postgraduate,Couple,1,3,33228.0,8
1215,36,Postgraduate,Couple,0,2,70440.0,12
5939,43,Postgraduate,Couple,2,4,38232.0,8
2156,59,Postgraduate,Couple,2,4,22554.0,23
7788,31,Postgraduate,Couple,1,3,23536.0,4
10323,62,Postgraduate,Couple,1,3,49413.0,11
7947,45,Postgraduate,Couple,2,4,42231.0,6
1891,34,Postgraduate,Single,0,1,78789.0,26
2570,46,Postgraduate,Couple,1,3,56534.0,14
9256,43,Postgraduate,Single,1,2,58350.0,21
295,25,Postgraduate,Single,0,1,81217.0,14
7397,63,Postgraduate,Single,1,2,49090.0,14
6349,27,Postgraduate,Single,0,1,61787.0,15
10790,29,Postgraduate,Couple,1,3,18169.0,19
10398,33,Undergraduate,Single,1,2,24336.0,25
2431,24,Postgraduate,Couple,0,2,18222.0,21
550,62,Postgraduate,Single,1,2,62335.0,16
1890,43,Undergraduate,Couple,2,4,42033.0,24
10742,31,Postgraduate,Couple,0,2,86580.0,19
10356,57,Postgraduate,Single,2,3,41437.0,24
4676,63,Postgraduate,Single,2,3,73705.0,7
8852,38,Postgraduate,Couple,1,3,61064.0,25
3565,59,Postgraduate,Couple,2,4,38452.0,6
5294,25,Postgraduate,Single,1,2,18358.0,10
1958,41,Postgraduate,Couple,1,3,55012.0,6
7349,41,Undergraduate,Couple,1,3,9722.0,24
8799,30,Postgraduate,Couple,1,3,38175.0,12
1351,58,Postgraduate,Couple,1,3,58656.0,24
1045,49,Postgraduate,Couple,1,3,52117.0,25
7732,36,Postgraduate,Couple,1,3,64813.0,9
8070,41,Postgraduate,Couple,1,3,54222.0,7
477,28,Postgraduate,Couple,0,2,83512.0,3
7832,55,Postgraduate,Couple,1,3,77520.0,13
2202,36,Postgraduate,Couple,1,3,41154.0,18
7396,48,Postgraduate,Couple,0,2,80398.0,23
4055,22,Undergraduate,Single,1,2,18746.0,4
10340,30,Postgraduate,Couple,1,3,35196.0,23
10091,58,Postgraduate,Single,1,2,60230.0,16
7629,37,Postgraduate,Couple,2,4,22108.0,4
10640,40,Postgraduate,Couple,2,4,44392.0,13
3498,38,Postgraduate,Couple,1,3,55424.0,22
6742,35,Postgraduate,Couple,1,3,17688.0,20
1172,31,Postgraduate,Couple,0,2,92491.0,17
569,23,Postgraduate,Single,0,1,90273.0,9
4686,52,Postgraduate,Single,0,1,82571.0,6
1381,32,Postgraduate,Single,1,2,38513.0,8
2634,35,Postgraduate,Single,1,2,16653.0,5
10905,59,Postgraduate,Couple,2,4,42586.0,23
1744,49,Undergraduate,Single,1,2,23529.0,21
1000,53,Postgraduate,Couple,2,4,74881.0,19
3828,63,Postgraduate,Couple,1,3,71107.0,19
8605,50,Postgraduate,Couple,2,4,46910.0,6
10304,55,Postgraduate,Couple,0,2,18690.0,21
4351,59,Postgraduate,Single,2,3,37244.0,17
10129,48,Postgraduate,Couple,0,2,82427.0,6
2499,56,Undergraduate,Single,1,2,75342.0,17
10092,60,Postgraduate,Single,1,2,70044.0,19
7500,47,Postgraduate,Single,2,3,79146.0,5
5796,51,Postgraduate,Couple,0,2,77437.0,10
10556,55,Postgraduate,Couple,1,3,54984.0,4
1064,43,Postgraduate,Couple,1,3,42403.0,9
48,50,Postgraduate,Couple,1,3,55761.0,5
7610,31,Postgraduate,Couple,1,3,37292.0,17
263,69,Postgraduate,Single,0,1,45576.0,4
10814,67,Postgraduate,Couple,0,2,70321.0,20
9710,45,Postgraduate,Single,1,2,58086.0,20
9292,62,Postgraduate,Couple,0,2,81795.0,23
10250,67,Undergraduate,Couple,0,2,28389.0,22
7881,68,Postgraduate,Couple,0,2,66835.0,12
5847,45,Postgraduate,Single,1,2,69901.0,16
737,65,Postgraduate,Couple,0,2,80360.0,19
3571,53,Postgraduate,Couple,1,3,63342.0,23
7807,40,Postgraduate,Couple,1,3,44989.0,25
3878,34,Undergraduate,Single,1,2,31859.0,7
5092,65,Postgraduate,Single,1,2,51569.0,19
2154,43,Postgraduate,Single,2,3,30372.0,21
5394,35,Undergraduate,Single,2,3,16014.0,18
3798,46,Postgraduate,Couple,2,4,41120.0,11
3524,43,Postgraduate,Single,1,2,39763.0,14
5247,59,Postgraduate,Couple,2,4,38725.0,4
5883,42,Postgraduate,Couple,1,3,77981.0,16
2118,50,Undergraduate,Couple,1,3,62905.0,12
8812,35,Undergraduate,Single,1,2,13533.0,19
6616,39,Postgraduate,Couple,1,3,59481.0,11
2797,37,Postgraduate,Couple,1,3,72117.0,13
4328,28,Undergraduate,Couple,1,3,21955.0,13
9167,58,Postgraduate,Couple,1,3,67131.0,18
10560,34,Postgraduate,Single,1,2,36802.0,3
2631,32,Postgraduate,Couple,0,2,71853.0,17
8312,53,Undergraduate,Couple,0,2,28249.0,3
5534,39,Postgraduate,Couple,1,3,47808.0,11
5093,40,Postgraduate,Single,1,2,25509.0,24
7592,68,Postgraduate,Couple,0,2,51012.0,17
8895,29,Postgraduate,Single,0,1,70596.0,24
8584,62,Postgraduate,Couple,0,2,85431.0,16
2694,47,Postgraduate,Couple,1,3,42664.0,6
8910,59,Postgraduate,Couple,2,4,42586.0,23
7433,29,Postgraduate,Single,1,2,29760.0,25
164,37,Postgraduate,Couple,0,2,28973.0,24
10477,41,Postgraduate,Couple,1,3,39435.0,14
2681,30,Undergraduate,Couple,0,2,65370.0,14
5150,35,Undergraduate,Single,1,2,20194.0,21
5283,38,Postgraduate,Single,2,3,42473.0,7
9645,46,Postgraduate,Couple,0,2,64590.0,24
10678,55,Postgraduate,Couple,1,3,71232.0,10
7261,43,Postgraduate,Couple,2,4,34600.0,21
9648,47,Postgraduate,Single,2,3,46904.0,23
2870,41,Postgraduate,Couple,1,3,49094.0,24
8008,31,Postgraduate,Couple,1,3,36075.0,9
1513,35,Undergraduate,Couple,2,4,60839.0,25
6173,35,Postgraduate,Couple,1,3,77298.0,11
1419,64,Postgraduate,Couple,2,4,34026.0,14
9150,51,Postgraduate,Single,2,3,48918.0,5
7960,52,Undergraduate,Couple,0,2,82122.0,13
1250,38,Postgraduate,Single,1,2,37697.0,7
9905,62,Postgraduate,Couple,2,4,34074.0,14
10691,54,Postgraduate,Couple,2,4,28520.0,15
7002,59,Postgraduate,Single,1,2,62535.0,12
2952,37,Postgraduate,Single,1,2,36273.0,5
8439,50,Postgraduate,Couple,2,4,63404.0,4
762,33,Undergraduate,Couple,1,3,75774.0,5
2831,38,Postgraduate,Couple,1,3,78416.0,3
6977,40,Postgraduate,Couple,1,3,75702.0,24
6289,63,Postgraduate,Couple,2,4,59385.0,17
4168,48,Postgraduate,Single,2,3,37070.0,18
8397,63,Postgraduate,Couple,2,4,44689.0,8
9284,56,Postgraduate,Couple,1,3,53977.0,16
6237,48,Postgraduate,Single,2,3,7144.0,10
3130,50,Postgraduate,Single,2,3,18701.0,16
1619,58,Postgraduate,Couple,0,2,90369.0,5
1990,40,Postgraduate,Single,0,1,63159.0,23
5513,48,Postgraduate,Couple,2,4,37758.0,24
269,51,Postgraduate,Single,1,2,46757.0,22
8093,45,Postgraduate,Couple,0,2,79734.0,3
10513,22,Postgraduate,Couple,0,2,63207.0,20
10177,60,Postgraduate,Single,1,2,72071.0,19
2549,31,Postgraduate,Couple,1,3,21840.0,14
5782,32,Undergraduate,Couple,1,3,58582.0,12
10057,63,Postgraduate,Single,0,1,72282.0,14
10307,58,Postgraduate,Couple,2,4,50387.0,13
8566,53,Postgraduate,Couple,2,4,32583.0,3
2415,52,Postgraduate,Couple,1,3,62568.0,6
5684,43,Postgraduate,Single,2,3,44635.0,11
8334,43,Postgraduate,Single,2,3,33316.0,12
9166,46,Postgraduate,Couple,1,3,63967.0,14
1440,36,Undergraduate,Couple,0,2,52513.0,25
78,45,Postgraduate,Couple,1,3,25293.0,12
5441,49,Postgraduate,Single,1,2,54111.0,13
5302,28,Postgraduate,Couple,0,2,78394.0,19
4687,56,Postgraduate,Couple,0,2,80739.0,16
1087,39,Postgraduate,Couple,1,3,22669.0,16
6859,27,Postgraduate,Single,1,2,29236.0,12
9860,55,Postgraduate,Couple,1,3,44911.0,18
7129,52,Postgraduate,Couple,1,3,54693.0,19
5866,40,Postgraduate,Couple,1,3,48186.0,6
10521,37,Postgraduate,Couple,2,4,54809.0,12
7393,36,Postgraduate,Couple,2,4,41580.0,22
7849,44,Postgraduate,Couple,0,2,80336.0,13
332,57,Postgraduate,Couple,1,3,47743.0,18
9847,59,Undergraduate,Couple,1,3,62972.0,26
531,60,Postgraduate,Single,1,2,57333.0,24
9576,32,Postgraduate,Couple,1,3,32313.0,20
6906,61,Postgraduate,Single,0,1,84953.0,16
7419,46,Postgraduate,Single,1,2,27071.0,5
3170,57,Postgraduate,Couple,0,2,68148.0,13
8527,49,Postgraduate,Couple,2,4,65735.0,10
7872,39,Postgraduate,Couple,0,2,86836.0,25
9931,51,Postgraduate,Couple,2,4,4023.0,3
10595,24,Postgraduate,Couple,0,2,30093.0,15
4609,48,Postgraduate,Couple,1,3,57705.0,8
5010,26,Postgraduate,Single,1,2,25008.0,8
4427,19,Undergraduate,Single,0,1,83257.0,24
11148,39,Postgraduate,Couple,1,3,22280.0,16
1168,36,Postgraduate,Couple,0,2,72159.0,23
9595,53,Postgraduate,Couple,0,2,64260.0,21
10163,30,Postgraduate,Single,0,1,82733.0,12
2886,43,Postgraduate,Single,1,2,74290.0,13
6710,63,Postgraduate,Single,3,4,58217.0,22
5316,38,Postgraduate,Couple,0,2,21024.0,15
9029,42,Postgraduate,Couple,0,2,70116.0,20
521,29,Postgraduate,Couple,1,3,54006.0,24
1459,48,Postgraduate,Couple,1,3,69063.0,23
10241,39,Undergraduate,Single,0,1,11448.0,9
1630,35,Postgraduate,Single,1,2,61825.0,14
3254,43,Postgraduate,Couple,1,3,70886.0,11
9064,32,Postgraduate,Couple,0,2,69109.0,23
3678,41,Postgraduate,Single,2,3,60208.0,24
4227,46,Postgraduate,Couple,2,4,32889.0,13
9467,30,Postgraduate,Single,1,2,34738.0,4
8486,43,Postgraduate,Couple,1,3,30538.0,24
2186,37,Undergraduate,Couple,0,2,82326.0,6
3286,47,Postgraduate,Single,1,2,26642.0,7
8602,50,Postgraduate,Single,1,2,69932.0,15
3722,42,Postgraduate,Single,2,3,44503.0,5
6715,66,Postgraduate,Single,1,2,60200.0,21
4796,62,Postgraduate,Single,1,2,49638.0,5
9612,27,Undergraduate,Single,0,1,23830.0,7
3766,55,Postgraduate,Single,0,1,33051.0,25
1399,56,Postgraduate,Couple,0,2,72905.0,8
1570,63,Postgraduate,Couple,1,3,69702.0,19
3426,39,Postgraduate,Single,1,2,70300.0,14
3074,30,Postgraduate,Couple,0,2,70643.0,23
8341,45,Postgraduate,Couple,1,3,30396.0,5
5180,46,Postgraduate,Single,1,2,50616.0,5
6461,45,Postgraduate,Single,1,2,62772.0,16
7679,29,Postgraduate,Single,0,1,30298.0,4
10702,30,Postgraduate,Single,1,2,52413.0,23
7505,57,Postgraduate,Couple,2,4,44155.0,8
5113,43,Postgraduate,Single,0,1,86979.0,11
10858,39,Postgraduate,Couple,2,4,76532.0,13
2961,32,Postgraduate,Couple,1,3,42081.0,19
2747,26,Postgraduate,Couple,0,2,67546.0,25
3010,25,Postgraduate,Couple,0,2,88420.0,5
5790,29,Postgraduate,Couple,1,3,31158.0,20
6892,46,Postgraduate,Single,1,2,61671.0,4
1743,40,Postgraduate,Single,0,1,69719.0,4
3578,65,Postgraduate,Single,1,2,49160.0,11
8462,36,Undergraduate,Couple,1,3,24882.0,25
5558,60,Postgraduate,Single,0,1,90933.0,6
4619,69,Postgraduate,Single,0,1,113734.0,4
8780,64,Postgraduate,Couple,1,3,59292.0,15
10789,50,Postgraduate,Couple,2,4,45759.0,19
10779,31,Postgraduate,Single,0,1,22148.0,5
5896,27,Postgraduate,Couple,0,2,73395.0,6
2337,43,Postgraduate,Single,1,2,29819.0,11
10951,46,Postgraduate,Couple,1,3,45688.0,8
544,60,Postgraduate,Couple,0,2,62820.0,17
17,43,Postgraduate,Couple,1,3,60491.0,13
10680,28,Postgraduate,Couple,1,3,33235.0,8
3265,55,Postgraduate,Couple,0,2,35701.0,18
5623,34,Postgraduate,Couple,1,3,31535.0,12
5832,54,Undergraduate,Couple,0,2,92556.0,5
5544,44,Postgraduate,Single,1,2,67384.0,23
6417,43,Postgraduate,Couple,0,2,80573.0,24
5831,47,Postgraduate,Couple,1,3,77870.0,25
7101,51,Postgraduate,Single,1,2,52278.0,20
10176,46,Postgraduate,Single,1,2,57107.0,25
2326,24,Postgraduate,Couple,0,2,18929.0,19
4385,33,Postgraduate,Single,1,2,36038.0,16
2929,38,Postgraduate,Single,0,1,20180.0,19
10686,49,Postgraduate,Couple,2,4,34230.0,21
2546,37,Undergraduate,Single,1,2,31878.0,3
3283,42,Undergraduate,Couple,1,3,70932.0,8
3138,58,Postgraduate,Single,0,1,91249.0,23
4994,71,Postgraduate,Single,0,1,77598.0,12
7966,55,Postgraduate,Single,2,3,80982.0,21
3112,37,Postgraduate,Couple,1,3,22701.0,13
10872,45,Postgraduate,Couple,1,3,55212.0,22
2181,44,Postgraduate,Couple,0,2,70617.0,15
1867,57,Postgraduate,Single,0,1,64849.0,23
1518,49,Postgraduate,Couple,2,4,62694.0,15
5734,40,Postgraduate,Couple,2,4,61917.0,10
2878,67,Postgraduate,Couple,1,3,67472.0,12
1458,32,Postgraduate,Couple,1,3,21059.0,9
7007,46,Postgraduate,Couple,2,4,29543.0,6
6200,63,Postgraduate,Couple,1,3,75903.0,18
1403,39,Undergraduate,Couple,2,4,34984.0,25
4827,58,Postgraduate,Single,1,2,54998.0,19
6250,65,Postgraduate,Single,1,2,54356.0,22
9291,55,Postgraduate,Couple,1,3,34242.0,6
2478,41,Postgraduate,Couple,1,3,25410.0,13
1139,30,Postgraduate,Couple,0,2,73356.0,8
5138,64,Postgraduate,Couple,1,3,28320.0,20
5393,37,Postgraduate,Single,1,2,23763.0,26
10413,30,Postgraduate,Couple,0,2,72570.0,5
5015,38,Postgraduate,Couple,1,3,34529.0,25
10868,63,Postgraduate,Single,0,1,70792.0,20
10676,32,Postgraduate,Couple,0,2,63211.0,23
2495,40,Postgraduate,Couple,1,3,83891.0,3
7842,46,Postgraduate,Single,2,3,36065.0,18
9955,60,Postgraduate,Couple,1,3,39898.0,19
6663,74,Postgraduate,Single,0,1,51141.0,15
2162,38,Postgraduate,Couple,1,3,56939.0,12
3434,63,Postgraduate,Single,0,1,80872.0,4
7919,38,Postgraduate,Couple,0,2,72335.0,26
5626,50,Postgraduate,Single,0,1,61798.0,10
6428,64,Postgraduate,Single,0,1,76842.0,5
8514,38,Postgraduate,Couple,1,3,29478.0,8
10448,58,Postgraduate,Single,1,2,46998.0,23
2109,24,Postgraduate,Single,0,1,96843.0,17
7530,64,Postgraduate,Single,2,3,56551.0,5
8925,49,Postgraduate,Couple,1,3,70053.0,15
3009,52,Postgraduate,Single,0,1,71670.0,15
6355,36,Postgraduate,Couple,2,4,44359.0,3
3517,62,Postgraduate,Single,2,3,40887.0,17
1158,48,Postgraduate,Single,1,2,48877.0,9
6203,67,Postgraduate,Couple,0,2,74485.0,13
7165,42,Postgraduate,Couple,1,3,64474.0,11
3595,51,Postgraduate,Couple,1,3,77226.0,7
8537,65,Postgraduate,Single,0,1,72643.0,19
4331,36,Postgraduate,Couple,0,2,85738.0,8
6281,48,Postgraduate,Single,1,2,55686.0,19
4338,31,Postgraduate,Single,1,2,39062.0,6
2452,43,Postgraduate,Couple,2,4,34600.0,21
9507,39,Postgraduate,Couple,1,3,40794.0,18
8360,43,Undergraduate,Couple,2,4,54690.0,11
10311,45,Postgraduate,Couple,1,3,4428.0,12
5117,51,Undergraduate,Couple,0,2,32632.0,26
4867,46,Postgraduate,Single,2,3,38236.0,12
9289,35,Postgraduate,Couple,1,3,36781.0,5
10913,30,Postgraduate,Single,1,2,31385.0,22
3032,30,Postgraduate,Couple,1,3,24570.0,19
8524,40,Postgraduate,Single,1,2,25509.0,24
3334,63,Postgraduate,Couple,0,2,94642.0,7
4470,52,Postgraduate,Couple,1,3,58646.0,16
1406,39,Postgraduate,Single,2,3,53201.0,19
8619,57,Postgraduate,Couple,1,3,21994.0,21
10821,36,Postgraduate,Couple,2,4,57113.0,20
4552,23,Postgraduate,Couple,0,2,51373.0,15
898,28,Postgraduate,Couple,1,3,23477.0,11
9797,58,Postgraduate,Couple,1,3,58116.0,5
10949,51,Postgraduate,Single,0,1,72968.0,9
8212,43,Postgraduate,Couple,1,3,39791.0,18
6248,67,Postgraduate,Single,0,1,91712.0,11
10164,56,Postgraduate,Single,1,2,94472.0,6
4547,54,Postgraduate,Couple,2,4,13672.0,17
6815,34,Undergraduate,Couple,0,2,96547.0,4
4122,39,Postgraduate,Couple,0,2,79205.0,25
10841,39,Postgraduate,Couple,1,3,56559.0,21
5370,41,Postgraduate,Couple,1,3,32644.0,20
176,34,Undergraduate,Single,1,2,67506.0,9
4860,44,Postgraduate,Single,1,2,24206.0,19
10757,47,Postgraduate,Single,1,2,28420.0,9
4023,44,Postgraduate,Couple,1,3,22979.0,25
6679,48,Postgraduate,Single,0,1,33279.0,3
9923,42,Postgraduate,Single,2,3,46423.0,12
7181,37,Postgraduate,Couple,1,3,30368.0,11
3599,44,Postgraduate,Couple,1,3,63684.0,22
405,50,Postgraduate,Single,1,2,41638.0,19
6870,55,Postgraduate,Single,1,2,68805.0,12
832,48,Postgraduate,Couple,1,3,65814.0,7
2002,56,Postgraduate,Single,0,1,71964.0,16
3657,28,Postgraduate,Single,1,2,39146.0,19
500,37,Postgraduate,Couple,0,2,96876.0,14
1951,33,Undergraduate,Couple,0,2,34445.0,20
3262,56,Postgraduate,Single,0,1,68281.0,26
4102,39,Undergraduate,Couple,2,4,37284.0,18
7042,31,Postgraduate,Couple,0,2,36790.0,19
10598,47,Postgraduate,Couple,2,4,27943.0,17
255,63,Postgraduate,Single,2,3,22263.0,6
2375,42,Postgraduate,Couple,3,5,30261.0,24
9829,36,Postgraduate,Couple,1,3,28587.0,7
6214,32,Postgraduate,Couple,1,3,43815.0,18
4954,58,Postgraduate,Couple,2,4,48195.0,8
7861,62,Postgraduate,Couple,1,3,77027.0,8
4837,49,Postgraduate,Couple,1,3,71322.0,19
9423,35,Postgraduate,Couple,1,3,32765.0,7
4198,49,Postgraduate,Couple,2,4,29672.0,19
153,61,Postgraduate,Single,0,1,23272.0,11
9323,65,Postgraduate,Couple,1,3,49912.0,25
10001,29,Undergraduate,Couple,1,3,7500.0,26
3945,67,Postgraduate,Single,1,2,68117.0,19
3799,59,Postgraduate,Couple,1,3,67225.0,10
8625,38,Postgraduate,Couple,1,3,17649.0,10
3491,39,Postgraduate,Couple,1,3,55914.0,17
983,30,Postgraduate,Couple,1,3,40059.0,12
9119,64,Postgraduate,Couple,1,3,60905.0,10
4786,37,Postgraduate,Couple,2,4,75330.0,24
5872,63,Postgraduate,Single,1,2,60689.0,16
6568,30,Postgraduate,Couple,1,3,38680.0,18
5628,32,Postgraduate,Couple,0,2,61416.0,20
5631,23,Postgraduate,Single,0,1,49767.0,17
4974,44,Postgraduate,Single,3,4,83273.0,24
8416,33,Postgraduate,Couple,1,3,29009.0,10
5454,35,Postgraduate,Couple,1,3,45057.0,10
4095,43,Postgraduate,Couple,1,3,37150.0,25
5474,44,Postgraduate,Single,1,2,43020.0,10
4268,55,Postgraduate,Couple,1,3,53154.0,3
10701,41,Postgraduate,Couple,0,2,65308.0,12
3507,44,Postgraduate,Single,1,2,76467.0,25
2079,67,Undergraduate,Couple,0,2,81044.0,9
626,63,Postgraduate,Couple,2,4,32871.0,19
4426,39,Postgraduate,Single,2,3,55801.0,12
2591,55,Postgraduate,Single,1,2,76320.0,3
10509,59,Postgraduate,Single,2,3,36927.0,4
6382,61,Postgraduate,Couple,2,4,48794.0,3
6673,49,Postgraduate,Single,0,1,23478.0,18
7441,41,Postgraduate,Single,1,2,71128.0,24
1071,38,Postgraduate,Single,1,2,70179.0,14
10061,64,Postgraduate,Couple,1,3,59462.0,21
8775,45,Postgraduate,Couple,1,3,38361.0,9
2345,32,Postgraduate,Couple,0,2,70038.0,11
322,36,Postgraduate,Couple,2,4,42554.0,21
10897,40,Postgraduate,Couple,1,3,67445.0,26
123,63,Postgraduate,Single,1,2,67046.0,21
6103,66,Postgraduate,Couple,0,2,42192.0,13
7899,62,Postgraduate,Couple,1,3,77610.0,23
10500,30,Postgraduate,Couple,1,3,31761.0,6
1655,35,Postgraduate,Couple,1,3,34350.0,11
2406,65,Postgraduate,Couple,1,3,54591.0,14
2712,58,Postgraduate,Couple,1,3,71866.0,9
5517,45,Postgraduate,Couple,1,3,25293.0,12
10643,27,Postgraduate,Single,0,1,42000.0,21
2254,31,Postgraduate,Couple,0,2,69520.0,15
10281,44,Postgraduate,Single,1,2,64713.0,7
6958,37,Postgraduate,Couple,1,3,27889.0,15
954,54,Undergraduate,Single,0,1,22123.0,6
4643,41,Postgraduate,Couple,1,3,27803.0,25
6497,54,Postgraduate,Couple,1,3,51651.0,23
5396,26,Postgraduate,Couple,0,2,68487.0,20
1052,45,Postgraduate,Couple,1,3,56796.0,19
2802,22,Undergraduate,Couple,0,2,87000.0,21
6343,55,Postgraduate,Couple,1,3,79823.0,6
6507,34,Postgraduate,Single,1,2,30828.0,12
7901,43,Postgraduate,Couple,1,3,34109.0,11
4865,40,Postgraduate,Single,2,3,53367.0,13
2686,45,Undergraduate,Couple,0,2,22390.0,11
3107,38,Postgraduate,Couple,1,3,71322.0,5
7734,21,Postgraduate,Single,0,1,79244.0,21
1146,65,Postgraduate,Couple,1,3,49912.0,25
11031,64,Postgraduate,Couple,2,4,48699.0,16
7428,39,Postgraduate,Couple,0,2,80144.0,12
975,58,Postgraduate,Single,2,3,54252.0,16
1103,38,Postgraduate,Couple,1,3,81929.0,24
3422,39,Postgraduate,Couple,1,3,76068.0,22
1055,38,Postgraduate,Couple,2,4,53204.0,6
6544,65,Postgraduate,Couple,1,3,67911.0,4
1241,30,Undergraduate,Couple,1,3,14796.0,24
2909,40,Postgraduate,Couple,1,3,78128.0,7
5802,42,Undergraduate,Couple,0,2,14188.0,19
1407,28,Undergraduate,Couple,1,3,20425.0,23
6183,52,Postgraduate,Couple,1,3,58646.0,16
340,44,Postgraduate,Single,1,2,72967.0,21
5991,65,Postgraduate,Couple,1,3,48150.0,16
3104,53,Postgraduate,Single,0,1,82332.0,24
9729,59,Postgraduate,Single,2,3,58275.0,16
1008,33,Postgraduate,Couple,0,2,44953.0,21
11091,61,Postgraduate,Couple,2,4,34587.0,4
3969,40,Postgraduate,Couple,1,3,43018.0,11
1916,60,Postgraduate,Couple,1,3,45736.0,14
9907,45,Postgraduate,Couple,1,3,66476.0,10
87,33,Undergraduate,Couple,1,3,27733.0,13
8659,62,Postgraduate,Couple,1,3,69805.0,8
6262,52,Postgraduate,Single,0,1,72217.0,18
6147,43,Postgraduate,Single,1,2,25818.0,23
8832,38,Postgraduate,Couple,1,3,37509.0,25
10067,38,Undergraduate,Couple,2,4,25176.0,14
7532,34,Postgraduate,Couple,1,3,43586.0,25
4915,58,Undergraduate,Couple,1,3,53230.0,26
2115,57,Postgraduate,Couple,2,4,50116.0,3
2088,42,Postgraduate,Couple,0,2,84906.0,12
2493,48,Postgraduate,Couple,1,3,61286.0,14
6292,28,Postgraduate,Couple,0,2,82333.0,18
1631,49,Postgraduate,Couple,0,2,65220.0,25
10104,40,Postgraduate,Couple,3,5,33590.0,11
3006,38,Postgraduate,Single,1,2,30992.0,17
3919,38,Postgraduate,Single,0,1,72309.0,19
11181,65,Postgraduate,Couple,0,2,156924.0,13
642,34,Undergraduate,Couple,1,3,16005.0,26
4369,57,Postgraduate,Single,0,1,65487.0,8
10127,49,Postgraduate,Couple,1,3,58692.0,6
271,45,Postgraduate,Single,2,3,40590.0,12
4973,44,Postgraduate,Single,1,2,20587.0,4
2948,60,Postgraduate,Single,1,2,62637.0,7
2715,48,Postgraduate,Single,2,3,29435.0,26
10432,40,Postgraduate,Single,1,2,19346.0,8
9216,43,Postgraduate,Couple,2,4,35788.0,8
7124,46,Postgraduate,Single,2,3,36997.0,20
9727,57,Postgraduate,Couple,0,2,23539.0,7
5136,41,Postgraduate,Single,1,2,65333.0,8
9790,57,Postgraduate,Single,0,1,78499.0,10
1818,43,Postgraduate,Couple,1,3,29732.0,6
1100,54,Postgraduate,Couple,3,5,41275.0,6
7873,41,Postgraduate,Couple,2,4,63516.0,15
10609,52,Postgraduate,Couple,1,3,42769.0,11
6950,56,Postgraduate,Couple,2,4,49572.0,9
7233,42,Postgraduate,Couple,0,2,69209.0,24
9481,38,Postgraduate,Couple,1,3,17148.0,8
7699,45,Postgraduate,Single,2,3,40590.0,12
2711,38,Postgraduate,Couple,1,3,30560.0,15
8933,31,Undergraduate,Couple,1,3,32146.0,4
8726,50,Undergraduate,Single,2,3,41713.0,5
1515,39,Postgraduate,Couple,1,3,34176.0,8
5186,59,Postgraduate,Couple,1,3,58482.0,6
10157,49,Postgraduate,Single,1,2,59686.0,8
5667,50,Postgraduate,Couple,1,3,60896.0,24
902,34,Postgraduate,Couple,1,3,62994.0,7
977,57,Postgraduate,Couple,1,3,47320.0,14
7313,65,Undergraduate,Single,0,1,74859.0,16
7600,22,Undergraduate,Single,1,2,15253.0,11
9706,40,Postgraduate,Single,1,2,31560.0,15
2429,60,Postgraduate,Single,1,2,72071.0,19
3520,24,Postgraduate,Single,0,1,91172.0,18
10394,30,Postgraduate,Couple,0,2,90000.0,9
4548,33,Postgraduate,Single,2,3,41967.0,10
9362,49,Postgraduate,Single,1,2,69263.0,7
3968,44,Undergraduate,Single,0,1,65706.0,15
4084,39,Postgraduate,Couple,1,3,60934.0,8
6721,63,Postgraduate,Couple,1,3,71965.0,14
2829,59,Postgraduate,Couple,1,3,65210.0,6
1772,39,Postgraduate,Couple,0,2,79174.0,21
1544,47,Postgraduate,Single,0,1,81380.0,21
492,41,Postgraduate,Single,1,2,48432.0,23
4377,43,Postgraduate,Couple,1,3,52914.0,21
4541,59,Postgraduate,Couple,1,3,38946.0,11
1321,40,Postgraduate,Couple,1,3,26067.0,11
8858,42,Postgraduate,Couple,1,3,44325.0,19
3266,50,Postgraduate,Couple,0,2,42523.0,5
11187,36,Undergraduate,Single,1,2,26487.0,16
8207,57,Undergraduate,Couple,1,3,53233.0,6
9723,54,Postgraduate,Couple,1,3,67716.0,21
2666,42,Postgraduate,Couple,1,3,76234.0,8
5721,58,Postgraduate,Couple,0,2,84117.0,4
10652,57,Postgraduate,Couple,0,2,65487.0,8
1646,42,Undergraduate,Couple,1,3,25224.0,6
4418,31,Postgraduate,Single,0,1,89616.0,19
2656,43,Postgraduate,Single,2,3,40851.0,19
7990,67,Postgraduate,Couple,0,2,27469.0,26
8722,57,Undergraduate,Couple,0,2,82347.0,23
7118,57,Postgraduate,Couple,1,3,73803.0,26
2980,62,Postgraduate,Single,2,3,8820.0,18
1839,40,Postgraduate,Single,0,1,43322.0,5
10722,41,Postgraduate,Couple,1,3,55593.0,13
2632,60,Postgraduate,Couple,2,4,50501.0,15
9014,39,Postgraduate,Couple,2,4,37085.0,3
7620,24,Undergraduate,Single,1,2,16185.0,14
10968,45,Postgraduate,Single,1,2,57731.0,22
11133,41,Postgraduate,Single,1,2,48432.0,23
2736,36,Postgraduate,Couple,1,3,73807.0,21
1876,24,Postgraduate,Couple,0,2,18929.0,19
5959,46,Postgraduate,Single,2,3,35893.0,23
1092,34,Postgraduate,Couple,1,3,61014.0,26
4333,60,Postgraduate,Couple,2,4,32144.0,6
3850,51,Undergraduate,Couple,1,3,14918.0,22
6168,51,Postgraduate,Single,2,3,45146.0,14
607,59,Undergraduate,Single,1,2,41769.0,19
10469,33,Postgraduate,Couple,0,2,88325.0,8
6983,64,Postgraduate,Single,2,3,38054.0,5
3661,19,Undergraduate,Single,0,1,80617.0,24
9303,38,Postgraduate,Couple,1,3,5305.0,14
692,60,Postgraduate,Couple,2,4,36807.0,21
736,31,Postgraduate,Couple,1,3,28427.0,18
9589,66,Postgraduate,Single,0,1,82032.0,6
4838,36,Postgraduate,Couple,1,3,22775.0,15
9246,29,Postgraduate,Couple,1,3,40101.0,24
6261,35,Postgraduate,Couple,1,3,58025.0,10
7366,32,Postgraduate,Single,0,1,75777.0,15
10659,35,Undergraduate,Couple,1,3,7500.0,17
1448,51,Postgraduate,Couple,3,5,33562.0,3
4286,44,Postgraduate,Single,1,2,57642.0,8
4749,46,Postgraduate,Couple,2,4,58554.0,24
4478,35,Postgraduate,Couple,2,4,63777.0,18
4201,52,Postgraduate,Single,1,2,57967.0,19
10084,42,Postgraduate,Couple,2,4,24434.0,4
7004,30,Postgraduate,Single,1,2,11012.0,18
9817,44,Postgraduate,Single,0,1,44802.0,25
8080,28,Postgraduate,Single,0,1,26816.0,25
9432,37,Postgraduate,Couple,1,3,666666.0,16
8372,40,Postgraduate,Couple,1,3,34421.0,15
10870,47,Postgraduate,Couple,1,3,61223.0,15
4001,68,Postgraduate,Couple,3,5,64014.0,3
7270,33,Postgraduate,Single,0,1,56981.0,8
8235,58,Postgraduate,Couple,1,3,69245.0,8
9405,60,Postgraduate,Couple,2,4,52869.0,23
